	domain	phylum	class	order	family	genus
SGB1965	d__Bacteria	p__Bacteroidota	c__Bacteroidia	o__Bacteroidales	f__Barnesiellaceae	g__Barnesiella
SGB4283	d__Bacteria	p__Firmicutes_A	c__Clostridia	o__Oscillospirales	f__Acutalibacteraceae	g__Ruminococcus_E
SGB1798	d__Bacteria	p__Bacteroidota	c__Bacteroidia	o__Bacteroidales	f__Bacteroidaceae	g__Paraprevotella
SGB2296	d__Bacteria	p__Bacteroidota	c__Bacteroidia	o__Bacteroidales	f__Rikenellaceae	g__Alistipes
SGB9208	d__Bacteria	p__Verrucomicrobiota	c__Lentisphaeria	o__Victivallales	f__UBA1829	g__UBA1829
SGB20763	d__Bacteria	p__Firmicutes_A	c__Clostridia	o__Oscillospirales	f__Oscillospiraceae	g__Onthomonas
SGB3996	d__Bacteria	p__Firmicutes_A	c__Clostridia	o__Peptostreptococcales	f__Anaerovoracaceae	g__Fimisoma
SGB2325	d__Bacteria	p__Bacteroidota	c__Bacteroidia	o__Bacteroidales	f__Rikenellaceae	g__Alistipes_A
SGB14954	d__Bacteria	p__Firmicutes_A	c__Clostridia	o__Oscillospirales	f__CAG-382	g__Woodwardibium
SGB4594	d__Bacteria	p__Firmicutes_A	c__Clostridia	o__Lachnospirales	f__Lachnospiraceae	g__Mediterraneibacter
SGB20736	d__Bacteria	p__Firmicutes_A	c__Clostridia	o__Oscillospirales	f__Ruminococcaceae	g__Faecalibacterium
SGB14042	d__Bacteria	p__Firmicutes_A	c__Clostridia	o__Christensenellales	f__Borkfalkiaceae	g__UMGS621
SGB14317	d__Bacteria	p__Firmicutes_A	c__Clostridia	o__Christensenellales	f__CAG-138	g__UBA1685
SGB15471	d__Bacteria	p__Desulfobacterota_I	c__Desulfovibrionia	o__Desulfovibrionales	f__Desulfovibrionaceae	g__Desulfovibrio
SGB1815	d__Bacteria	p__Bacteroidota	c__Bacteroidia	o__Bacteroidales	f__Bacteroidaceae	g__Phocaeicola
SGB6494	d__Bacteria	p__Firmicutes	c__Bacilli	o__RF39	f__UBA660	g__CAG-1000
SGB44527	d__Bacteria	p__Firmicutes_A	c__Clostridia	o__Oscillospirales	f__Acutalibacteraceae	g__RGIG1955
SGB97147	d__Bacteria	p__Firmicutes	c__Bacilli	o__Lactobacillales	f__Streptococcaceae	g__Streptococcus
SGB9344	d__Bacteria	p__Proteobacteria	c__Alphaproteobacteria	o__RF32	f__CAG-239	g__MGBC133411
SGB37973	d__Bacteria	p__Proteobacteria	c__Gammaproteobacteria	o__Burkholderiales	f__Burkholderiaceae	g__Mesosutterella
SGB14890	d__Bacteria	p__Firmicutes_A	c__Clostridia	o__Oscillospirales	f__Acutalibacteraceae	g__Hydrogeniiclostridium
SGB14260	d__Bacteria	p__Firmicutes_A	c__Clostridia	o__Oscillospirales	f__QAKW01	g__RGIG9041
SGB1836	d__Bacteria	p__Bacteroidota	c__Bacteroidia	o__Bacteroidales	f__Bacteroidaceae	g__Bacteroides
SGB30598	d__Bacteria	p__Proteobacteria	c__Gammaproteobacteria	o__Burkholderiales	f__Burkholderiaceae	g__Saezia
SGB4936	d__Bacteria	p__Firmicutes_A	c__Clostridia	o__Lachnospirales	f__Lachnospiraceae	g__Roseburia
SGB20588	d__Bacteria	p__Firmicutes_A	c__Clostridia	o__Christensenellales	f__CAG-314	g__Fimimonas
SGB9226	d__Bacteria	p__Verrucomicrobiota	c__Verrucomicrobiae	o__Verrucomicrobiales	f__Akkermansiaceae	g__Akkermansia
SGB9391	d__Bacteria	p__Proteobacteria	c__Gammaproteobacteria	o__Burkholderiales	f__Burkholderiaceae	g__Oxalobacter
SGB54300	d__Bacteria	p__Firmicutes_A	c__Clostridia	o__Christensenellales	f__HGM11417	g__HGM11417
SGB20386	d__Bacteria	p__Verrucomicrobiota	c__Verrucomicrobiae	o__Opitutales	f__UBA953	g__Spyradosoma
SGB21187	d__Bacteria	p__Firmicutes	c__Bacilli	o__RFN20	f__CAG-826	g__Onthovivens
SGB7952	d__Bacteria	p__Firmicutes	c__Bacilli	o__Lactobacillales	f__Enterococcaceae	g__Enterococcus_D
SGB10068	d__Bacteria	p__Proteobacteria	c__Gammaproteobacteria	o__Enterobacterales	f__Enterobacteriaceae	g__Escherichia
SGB6190	d__Bacteria	p__Firmicutes_A	c__Clostridia	o__Clostridiales	f__Clostridiaceae	g__Clostridium_P
SGB15249	d__Bacteria	p__Firmicutes_A	c__Clostridia	o__Oscillospirales	f__Oscillospiraceae	g__ER4
SGB20040	d__Bacteria	p__Bacteroidota	c__Bacteroidia	o__Bacteroidales	f__Bacteroidaceae	g__Alloprevotella
SGB4121	d__Bacteria	p__Firmicutes_A	c__Clostridia	o__Oscillospirales	f__Acutalibacteraceae	g__UMGS1071
SGB15126	d__Bacteria	p__Firmicutes_A	c__Clostridia	o__Oscillospirales	f__Oscillospiraceae	g__Intestinimonas
SGB6324	d__Bacteria	p__Firmicutes_A	c__Clostridia	o__TANB77	f__CAG-508	g__HGM13634
SGB74789	d__Archaea	p__Thermoproteota	c__Nitrososphaeria	o__Nitrososphaerales	f__Nitrososphaeraceae	g__TA-21
SGB2021	d__Bacteria	p__Bacteroidota	c__Bacteroidia	o__Bacteroidales	f__Muribaculaceae	g__Sodaliphilus
SGB1945	d__Bacteria	p__Bacteroidota	c__Bacteroidia	o__Bacteroidales	f__Tannerellaceae	g__Parabacteroides
SGB4143	d__Bacteria	p__Firmicutes_A	c__Clostridia	o__UMGS1810	f__UMGS1810	g__RGIG8748
SGB4155	d__Bacteria	p__Firmicutes_A	c__Clostridia	o__Monoglobales	f__Monoglobaceae	g__UMGS1820
SGB6458	d__Bacteria	p__Firmicutes	c__Bacilli	o__RF39	f__UBA660	g__CAG-710
SGB1037	d__Bacteria	p__Myxococcota	c__Bradymonadia	o__UBA4248	f__UBA4248	g__UBA4248
SGB17364	d__Bacteria	p__Verrucomicrobiota	c__Kiritimatiellae	o__RFP12	f__UBA1067	g__RUG572
SGB714	d__Archaea	p__Methanobacteriota	c__Methanobacteria	o__Methanobacteriales	f__Methanobacteriaceae	g__Methanobrevibacter_A
SGB6419	d__Bacteria	p__Firmicutes	c__Bacilli	o__RF39	f__UBA660	g__RUG11241
SGB6508	d__Bacteria	p__Firmicutes	c__Bacilli	o__RF39	f__UBA660	g__CAG-1193
SGB6249	d__Bacteria	p__Firmicutes_A	c__Clostridia	o__TANB77	f__UBA1234	g__HGM13618
SGB6525	d__Bacteria	p__Firmicutes	c__Bacilli	o__RF39	f__UBA660	g__CAG-533
SGB4141	d__Bacteria	p__Firmicutes_A	c__Clostridia	o__UMGS1883	f__HGM11501	g__HGM11501
SGB15236	d__Bacteria	p__Firmicutes_A	c__Clostridia	o__Oscillospirales	f__Oscillospiraceae	g__CAG-170
SGB4133	d__Bacteria	p__Firmicutes_A	c__Clostridia	o__UBA1381	f__UBA9506	g__UBA9506
SGB6604	d__Bacteria	p__Firmicutes	c__Bacilli	o__RFN20	f__CAG-826	g__CAG-826
SGB6140	d__Bacteria	p__Firmicutes_A	c__Clostridia	o__Peptostreptococcales	f__Peptostreptococcaceae	g__Intestinibacter
SGB6466	d__Bacteria	p__Firmicutes	c__Bacilli	o__RF39	f__UBA660	g__UBA6414
SGB14075	d__Bacteria	p__Firmicutes_A	c__Clostridia	o__Christensenellales	f__UBA1242	g__Caccovivens
SGB15377	d__Bacteria	p__Firmicutes_A	c__Clostridia	o__Christensenellales	f__CAG-74	g__SFMI01
SGB6823	d__Bacteria	p__Firmicutes	c__Bacilli	o__Erysipelotrichales	f__Erysipelotrichaceae	g__UBA636
SGB6499	d__Bacteria	p__Firmicutes	c__Bacilli	o__RF39	f__UBA660	g__Onthocola_B
SGB15383	d__Bacteria	p__Firmicutes_A	c__Clostridia	o__Christensenellales	f__CAG-74	g__Egerieenecus
SGB6451	d__Bacteria	p__Firmicutes	c__Bacilli	o__RF39	f__UBA660	g__SIG204
SGB9335	d__Bacteria	p__Cyanobacteria	c__Vampirovibrionia	o__Gastranaerophilales	f__Gastranaerophilaceae	g__Gastranaerophilus
SGB4212	d__Bacteria	p__Firmicutes_A	c__Clostridia	o__Oscillospirales	f__Ruminococcaceae	g__Ruminococcus
SGB6549	d__Bacteria	p__Firmicutes	c__Bacilli	o__RF39	f__UBA660	g__CAG-877
SGB79885	d__Bacteria	p__Firmicutes_A	c__Clostridia	o__Oscillospirales	f__Ruminococcaceae	g__Negativibacillus
SGB5074	d__Bacteria	p__Firmicutes_A	c__Clostridia	o__Lachnospirales	f__Lachnospiraceae	g__Lachnospira
SGB20496	d__Bacteria	p__Firmicutes_A	c__Clostridia	o__Lachnospirales	f__Lachnospiraceae	g__UBA2882
SGB4395	d__Bacteria	p__Firmicutes_A	c__Clostridia	o__Oscillospirales	f__Acutalibacteraceae	g__UBA737
SGB20471	d__Bacteria	p__Firmicutes_A	c__Clostridia	o__Lachnospirales	f__Lachnospiraceae	g__CAG-127
SGB6449	d__Bacteria	p__Firmicutes	c__Bacilli	o__RF39	f__UBA660	g__UMGS1045
SGB1963	d__Bacteria	p__Bacteroidota	c__Bacteroidia	o__Bacteroidales	f__Coprobacteraceae	g__Coprobacter
SGB4900	d__Bacteria	p__Firmicutes_A	c__Clostridia	o__Lachnospirales	f__Lachnospiraceae	g__CAG-510
SGB8601	d__Bacteria	p__Cyanobacteria	c__Vampirovibrionia	o__Gastranaerophilales	f__Gastranaerophilaceae	g__CAG-196
SGB13987	d__Bacteria	p__Firmicutes_A	c__Clostridia	o__Christensenellales	f__Borkfalkiaceae	g__UBA1259
SGB6506	d__Bacteria	p__Firmicutes	c__Bacilli	o__RF39	f__UBA660	g__UBA6448
SGB9347	d__Bacteria	p__Proteobacteria	c__Alphaproteobacteria	o__RF32	f__CAG-239	g__Scatocola
SGB9257	d__Bacteria	p__Proteobacteria	c__Gammaproteobacteria	o__Burkholderiales	f__Burkholderiaceae	g__Aphodousia
SGB6301	d__Bacteria	p__Firmicutes_A	c__Clostridia	o__TANB77	f__CAG-508	g__UMGS1663
SGB15411	d__Bacteria	p__Firmicutes_A	c__Clostridia	o__Christensenellales	f__CAG-74	g__RUG11247
SGB6440	d__Bacteria	p__Firmicutes	c__Bacilli	o__RF39	f__UBA660	g__UMGS995
SGB73075	d__Bacteria	p__Firmicutes_A	c__Clostridia	o__Christensenellales	f__CAG-74	g__SFTH01
SGB14949	d__Bacteria	p__Firmicutes_A	c__Clostridia	o__Oscillospirales	f__Acutalibacteraceae	g__UBA5905
SGB15368	d__Bacteria	p__Firmicutes_A	c__Clostridia	o__Christensenellales	f__CAG-74	g__UBA11524
SGB4248	d__Bacteria	p__Firmicutes_A	c__Clostridia	o__Oscillospirales	f__Ruminococcaceae	g__CAG-353
SGB6421	d__Bacteria	p__Firmicutes	c__Bacilli	o__RF39	f__UBA660	g__CAG-433
SGB4644	d__Bacteria	p__Firmicutes_A	c__Clostridia	o__Lachnospirales	f__Lachnospiraceae	g__Eubacterium_F
SGB4418	d__Bacteria	p__Firmicutes_A	c__Clostridia	o__Oscillospirales	f__Ruminococcaceae	g__Ruminococcus_F
SGB6420	d__Bacteria	p__Firmicutes	c__Bacilli	o__RF39	f__UBA660	g__Faecisoma
SGB6456	d__Bacteria	p__Firmicutes	c__Bacilli	o__RF39	f__UBA660	g__RUG13868
SGB6447	d__Bacteria	p__Firmicutes	c__Bacilli	o__RF39	f__UBA660	g__UBA5026
SGB6605	d__Bacteria	p__Firmicutes	c__Bacilli	o__RFN20	f__CAG-826	g__RUG131
SGB6293	d__Bacteria	p__Firmicutes_A	c__Clostridia	o__TANB77	f__CAG-508	g__CAG-452
SGB8590	d__Bacteria	p__Cyanobacteria	c__Vampirovibrionia	o__Gastranaerophilales	f__Gastranaerophilaceae	g__UMGS1477
SGB15398	d__Bacteria	p__Firmicutes_A	c__Clostridia	o__Christensenellales	f__CAG-74	g__Aphodomonas
SGB4153	d__Bacteria	p__Firmicutes_A	c__Clostridia	o__UMGS1883	f__UMGS1540	g__UMGS1540
SGB15410	d__Bacteria	p__Firmicutes_A	c__Clostridia	o__Christensenellales	f__CAG-74	g__Faecivicinus
SGB89408	d__Bacteria	p__Proteobacteria	c__Alphaproteobacteria	o__Rhizobiales	f__Xanthobacteraceae	g__Pseudolabrys
SGB29942	d__Bacteria	p__Firmicutes	c__Bacilli	o__Bacillales_A	f__Planococcaceae	g__Kurthia
SGB20534	d__Bacteria	p__Firmicutes_A	c__Clostridia	o__Lachnospirales	f__Lachnospiraceae	g__Agathobacter
SGB6846	d__Bacteria	p__Firmicutes	c__Bacilli	o__Haloplasmatales_A	f__Turicibacteraceae	g__Turicibacter
SGB6334	d__Bacteria	p__Firmicutes_A	c__Clostridia	o__TANB77	f__CAG-508	g__Merdicola
SGB10253	d__Bacteria	p__Proteobacteria	c__Gammaproteobacteria	o__Enterobacterales	f__Enterobacteriaceae	g__Serratia
SGB20242	d__Bacteria	p__Bacteroidota	c__Bacteroidia	o__Bacteroidales	f__UBA932	g__Cryptobacteroides
SGB20663	d__Bacteria	p__Firmicutes_A	c__Clostridia	o__Oscillospirales	f__CAG-272	g__CAG-448
SGB20215	d__Bacteria	p__Bacteroidota	c__Bacteroidia	o__Bacteroidales	f__UBA932	g__RUG11257
SGB19939	d__Archaea	p__Thermoplasmatota	c__Thermoplasmata	o__Methanomassiliicoccales	f__Methanomethylophilaceae	g__MX-02
SGB29589	d__Bacteria	p__Firmicutes	c__Bacilli	o__Lactobacillales	f__Lactobacillaceae	g__Limosilactobacillus
SGB20400	d__Bacteria	p__Firmicutes_C	c__Negativicutes	o__Acidaminococcales	f__Acidaminococcaceae	g__Phascolarctobacterium_A
SGB4769	d__Bacteria	p__Firmicutes_A	c__Clostridia	o__Lachnospirales	f__Lachnospiraceae	g__Choladocola
SGB20209	d__Bacteria	p__Bacteroidota	c__Bacteroidia	o__Bacteroidales	f__WCHB1-69	g__F23-D06
SGB14968	d__Bacteria	p__Firmicutes_A	c__Clostridia	o__Oscillospirales	f__Oscillospiraceae	g__HGM13006
SGB14980	d__Bacteria	p__Firmicutes_A	c__Clostridia	o__Oscillospirales	f__Butyricicoccaceae	g__Butyricicoccus_A
SGB14080	d__Bacteria	p__Firmicutes_A	c__Clostridia	o__Christensenellales	f__UBA1242	g__CAJKWP01
SGB15081	d__Bacteria	p__Firmicutes_A	c__Clostridia	o__Oscillospirales	f__Oscillospiraceae	g__CAG-83
SGB15052	d__Bacteria	p__Firmicutes_A	c__Clostridia	o__Oscillospirales	f__Oscillospiraceae	g__Dysosmobacter
SGB15267	d__Bacteria	p__Firmicutes_A	c__Clostridia	o__Oscillospirales	f__Oscillospiraceae	g__CAG-103
SGB26813	d__Bacteria	p__Verrucomicrobiota	c__Kiritimatiellae	o__RFP12	f__UBA1067	g__UBA1067
SGB4336	d__Bacteria	p__Firmicutes_A	c__Clostridia	o__Oscillospirales	f__Acutalibacteraceae	g__Eubacterium_R
SGB13990	d__Bacteria	p__Firmicutes_A	c__Clostridia	o__Christensenellales	f__Borkfalkiaceae	g__HGM11412
SGB4833	d__Bacteria	p__Firmicutes_A	c__Clostridia	o__Lachnospirales	f__Lachnospiraceae	g__Blautia_A
SGB21081	d__Bacteria	p__Firmicutes_A	c__Clostridia	o__Christensenellales	f__UBA1242	g__UBA6345
SGB6263	d__Bacteria	p__Firmicutes_A	c__Clostridia	o__TANB77	f__CAG-508	g__UMGS1994
SGB6327	d__Bacteria	p__Firmicutes_A	c__Clostridia	o__TANB77	f__CAG-508	g__CAG-492
SGB6521	d__Bacteria	p__Firmicutes	c__Bacilli	o__RF39	f__UBA660	g__CAG-582
SGB6753	d__Bacteria	p__Firmicutes	c__Bacilli	o__Erysipelotrichales	f__Coprobacillaceae	g__Faecalibacillus
SGB15286	d__Bacteria	p__Firmicutes_A	c__Clostridia	o__Oscillospirales	f__Ruminococcaceae	g__Gemmiger
SGB5098	d__Bacteria	p__Firmicutes_A	c__Clostridia	o__Lachnospirales	f__Lachnospiraceae	g__CAG-632
SGB20619	d__Bacteria	p__Firmicutes_A	c__Clostridia	o__Christensenellales	f__DTU072	g__CAG-1782
SGB4665	d__Bacteria	p__Firmicutes_A	c__Clostridia	o__Lachnospirales	f__Lachnospiraceae	g__CAJJNI01
SGB14832	d__Bacteria	p__Firmicutes_A	c__Clostridia	o__Oscillospirales	f__QAMX01	g__QAMX01
SGB4777	d__Bacteria	p__Firmicutes_A	c__Clostridia	o__Lachnospirales	f__Lachnospiraceae	g__Pseudolachnospira
SGB4957	d__Bacteria	p__Firmicutes_A	c__Clostridia	o__Lachnospirales	f__Lachnospiraceae	g__AM51-8
SGB1333	d__Bacteria	p__Bacteroidota	c__Bacteroidia	o__Bacteroidales	f__P3	g__Onthomorpha
SGB13959	d__Bacteria	p__Firmicutes_A	c__Clostridia	o__Christensenellales	f__CAG-917	g__CAG-1138
SGB17365	d__Bacteria	p__Verrucomicrobiota	c__Kiritimatiellae	o__RFP12	f__UBA1067	g__UBA1731
SGB1303	d__Bacteria	p__Bacteroidota	c__Bacteroidia	o__Bacteroidales	f__UBA932	g__Egerieousia
SGB4383	d__Bacteria	p__Firmicutes_A	c__Clostridia	o__Oscillospirales	f__Acutalibacteraceae	g__DTU089
SGB4891	d__Bacteria	p__Firmicutes_A	c__Clostridia	o__Lachnospirales	f__Lachnospiraceae	g__CAG-95
SGB15040	d__Bacteria	p__Firmicutes_A	c__Clostridia	o__Oscillospirales	f__Butyricicoccaceae	g__UBA4644
SGB4581	d__Bacteria	p__Firmicutes_A	c__Clostridia	o__Lachnospirales	f__Lachnospiraceae	g__Dorea_A
SGB15408	d__Bacteria	p__Firmicutes_A	c__Clostridia	o__Christensenellales	f__CAG-74	g__SFHK01
SGB14232	d__Bacteria	p__Firmicutes_A	c__Clostridia	o__Oscillospirales	f__CAG-272	g__CAG-390
SGB6468	d__Bacteria	p__Firmicutes	c__Bacilli	o__RF39	f__UBA660	g__HGM10818
SGB14242	d__Bacteria	p__Firmicutes_A	c__Clostridia	o__Oscillospirales	f__CAG-272	g__HGM12650
SGB14210	d__Bacteria	p__Firmicutes_A	c__Clostridia	o__Oscillospirales	f__CAG-272	g__HGM12713
SGB14291	d__Bacteria	p__Firmicutes_A	c__Clostridia	o__Christensenellales	f__CAG-138	g__RUG472
SGB6576	d__Bacteria	p__Firmicutes	c__Bacilli	o__ML615J-28	f__CAG-313	g__UMGS75
SGB4199	d__Bacteria	p__Firmicutes_A	c__Clostridia	o__Oscillospirales	f__Ruminococcaceae	g__Ruminiclostridium_E
SGB13947	d__Bacteria	p__Firmicutes_A	c__Clostridia	o__Christensenellales	f__CAG-552	g__CAG-552
SGB3940	d__Bacteria	p__Firmicutes_A	c__Clostridia	o__Peptostreptococcales	f__Anaerovoracaceae	g__UMGS973
SGB4367	d__Bacteria	p__Firmicutes_A	c__Clostridia	o__Oscillospirales	f__Acutalibacteraceae	g__CAG-177
SGB6579	d__Bacteria	p__Firmicutes	c__Bacilli	o__ML615J-28	f__CAG-313	g__CAG-313
SGB15169	d__Bacteria	p__Firmicutes_A	c__Clostridia	o__Oscillospirales	f__Oscillospiraceae	g__Limivicinus
SGB14228	d__Bacteria	p__Firmicutes_A	c__Clostridia	o__Oscillospirales	f__CAG-272	g__RGIG3994
SGB20397	d__Bacteria	p__Firmicutes_C	c__Negativicutes	o__Veillonellales	f__Dialisteraceae	g__Dialister
SGB14001	d__Bacteria	p__Firmicutes_A	c__Clostridia	o__Christensenellales	f__Borkfalkiaceae	g__HGM11416
SGB14313	d__Bacteria	p__Firmicutes_A	c__Clostridia	o__Christensenellales	f__CAG-138	g__Phil1
SGB5569	d__Bacteria	p__Firmicutes	c__Bacilli	o__Mycoplasmatales	f__Mycoplasmoidaceae	g__Ureaplasma
SGB6584	d__Bacteria	p__Firmicutes	c__Bacilli	o__Acholeplasmatales	f__Anaeroplasmataceae	g__CAG-307
SGB14227	d__Bacteria	p__Firmicutes_A	c__Clostridia	o__Oscillospirales	f__CAG-382	g__UBA1752
SGB15384	d__Bacteria	p__Firmicutes_A	c__Clostridia	o__Christensenellales	f__CAG-74	g__Limiplasma
SGB4963	d__Bacteria	p__Firmicutes_A	c__Clostridia	o__Lachnospirales	f__Lachnospiraceae	g__1XD42-69
SGB14243	d__Bacteria	p__Firmicutes_A	c__Clostridia	o__Oscillospirales	f__CAG-382	g__UBA1206
SGB15122	d__Bacteria	p__Firmicutes_A	c__Clostridia	o__Oscillospirales	f__Oscillospiraceae	g__Evtepia
SGB8616	d__Bacteria	p__Cyanobacteria	c__Vampirovibrionia	o__Gastranaerophilales	f__Gastranaerophilaceae	g__UMGS1585
SGB14238	d__Bacteria	p__Firmicutes_A	c__Clostridia	o__Oscillospirales	f__CAG-272	g__CAG-841
SGB14236	d__Bacteria	p__Firmicutes_A	c__Clostridia	o__Oscillospirales	f__UBA644	g__HGM12619
SGB14925	d__Bacteria	p__Firmicutes_A	c__Clostridia	o__Oscillospirales	f__Acutalibacteraceae	g__RGIG4076
SGB4402	d__Bacteria	p__Firmicutes_A	c__Clostridia	o__Oscillospirales	f__Acutalibacteraceae	g__UMGS1279
SGB14205	d__Bacteria	p__Firmicutes_A	c__Clostridia	o__Oscillospirales	f__CAG-272	g__UMGS1865
SGB26919	d__Bacteria	p__Firmicutes_A	c__Clostridia	o__Lachnospirales	f__Lachnospiraceae	g__W0P33-017
SGB71910	d__Bacteria	p__Firmicutes_A	c__Clostridia	o__Oscillospirales	f__Acutalibacteraceae	unclassified__f__Acutalibacteraceae
SGB14294	d__Bacteria	p__Firmicutes_A	c__Clostridia	o__Christensenellales	f__CAG-138	g__CAG-1024
SGB4146	d__Bacteria	p__Firmicutes_A	c__Clostridia	o__UMGS1883	f__UMGS1883	g__UMGS1883
SGB53365	d__Bacteria	p__Firmicutes_A	c__Clostridia	o__Oscillospirales	f__CAG-272	g__CAG-724
SGB14311	d__Bacteria	p__Firmicutes_A	c__Clostridia	o__Christensenellales	f__CAG-138	g__SFEL01
SGB15031	d__Bacteria	p__Firmicutes_A	c__Clostridia	o__Oscillospirales	f__Oscillospiraceae	g__Faecousia
SGB17345	d__Bacteria	p__Spirochaetota	c__Spirochaetia	o__Sphaerochaetales	f__Sphaerochaetaceae	g__UBA9732
SGB21007	d__Bacteria	p__Firmicutes	c__Bacilli	o__RFN20	f__CAG-826	g__Enteromonas
SGB3958	d__Bacteria	p__Firmicutes_A	c__Clostridia	o__Peptostreptococcales	f__Anaerovoracaceae	g__Copromorpha
SGB21110	d__Bacteria	p__Spirochaetota	c__Brachyspirae	o__Brachyspirales	f__Brachyspiraceae	g__Brachyspira
SGB21214	d__Bacteria	p__Spirochaetota	c__Spirochaetia	o__Sphaerochaetales	f__Sphaerochaetaceae	g__Ornithospirochaeta
SGB6609	d__Bacteria	p__Firmicutes	c__Bacilli	o__RFN20	f__CAG-449	g__CAG-449
SGB14248	d__Bacteria	p__Firmicutes_A	c__Clostridia	o__Oscillospirales	f__CAG-272	g__CAG-272
SGB4906	d__Bacteria	p__Firmicutes_A	c__Clostridia	o__Lachnospirales	f__Lachnospiraceae	g__Acetatifactor
SGB14252	d__Bacteria	p__Firmicutes_A	c__Clostridia	o__Oscillospirales	f__CAG-272	g__Flemingibacterium
SGB13976	d__Bacteria	p__Firmicutes_A	c__Clostridia	o__Christensenellales	f__CAG-917	g__CAG-349
SGB69331	d__Bacteria	p__Firmicutes_A	c__Clostridia	o__Lachnospirales	f__Lachnospiraceae	g__Mediterraneibacter_A
SGB14250	d__Bacteria	p__Firmicutes_A	c__Clostridia	o__Oscillospirales	f__CAG-272	g__UMGS1312
SGB4406	d__Bacteria	p__Firmicutes_A	c__Clostridia	o__Oscillospirales	f__Acutalibacteraceae	g__UMGS172
SGB20184	d__Bacteria	p__Bacteroidota	c__Bacteroidia	o__Bacteroidales	f__Muribaculaceae	g__CAG-485
SGB15380	d__Bacteria	p__Firmicutes_A	c__Clostridia	o__Christensenellales	f__CAG-74	g__RUG563
SGB15407	d__Bacteria	p__Firmicutes_A	c__Clostridia	o__Christensenellales	f__CAG-74	unclassified__f__CAG-74
SGB4145	d__Bacteria	p__Firmicutes_A	c__Clostridia	o__UBA1381	f__UBA1381	g__HGM11525
SGB3965	d__Bacteria	p__Firmicutes_A	c__Clostridia	o__Peptostreptococcales	f__Anaerovoracaceae	g__RGIG7444
SGB6428	d__Bacteria	p__Firmicutes	c__Bacilli	o__RF39	f__UBA660	g__Aphodocola
SGB14263	d__Bacteria	p__Firmicutes_A	c__Clostridia	o__Oscillospirales	f__UBA644	g__UBA644
SGB14016	d__Bacteria	p__Firmicutes_A	c__Clostridia	o__Christensenellales	f__CAG-552	g__UMGS1795
SGB6407	d__Bacteria	p__Firmicutes	c__Bacilli	o__RF39	f__UBA660	g__UMGS2068
SGB6973	d__Bacteria	p__Firmicutes_C	c__Negativicutes	o__Selenomonadales	f__Selenomonadaceae	g__Anaerovibrio
SGB15394	d__Bacteria	p__Firmicutes_A	c__Clostridia	o__Christensenellales	f__UBA1750	g__Spyradocola
SGB4148	d__Bacteria	p__Firmicutes_A	c__Clostridia	o__UMGS1840	f__UMGS1840	g__UMGS1840
SGB4552	d__Bacteria	p__Firmicutes_A	c__Clostridia	o__Lachnospirales	f__Lachnospiraceae	g__Lachnoclostridium_B
SGB6461	d__Bacteria	p__Firmicutes	c__Bacilli	o__Erysipelotrichales	f__Erysipelotrichaceae	g__Bulleidia
SGB70752	d__Bacteria	p__Cyanobacteria	c__Vampirovibrionia	o__Gastranaerophilales	f__Gastranaerophilaceae	g__Avigastranaerophilus
SGB65075	d__Bacteria	p__Firmicutes	c__Bacilli	o__RF39	f__UBA660	g__UBA3789
SGB15309_group	d__Bacteria	p__Firmicutes_A	c__Clostridia	o__Oscillospirales	f__Ruminococcaceae	g__SFJ001
SGB47358	d__Bacteria	p__Firmicutes	c__Bacilli	o__RF39	f__UBA660	g__RUG11198
SGB6438	d__Bacteria	p__Firmicutes	c__Bacilli	o__RF39	f__UBA660	g__CAG-417
SGB3677	d__Bacteria	p__Proteobacteria	c__Gammaproteobacteria	o__Enterobacterales	f__Succinivibrionaceae	g__Succinivibrio
SGB14065	d__Bacteria	p__Firmicutes_A	c__Clostridia	o__Christensenellales	f__UBA1242	g__UMGS2069
SGB4953	d__Bacteria	p__Firmicutes_A	c__Clostridia	o__Lachnospirales	f__Lachnospiraceae	g__CAG-45
SGB5117	d__Bacteria	p__Firmicutes_A	c__Clostridia	o__Lachnospirales	f__Lachnospiraceae	g__Coprococcus
SGB20038	d__Bacteria	p__Bacteroidota	c__Bacteroidia	o__Bacteroidales	f__Bacteroidaceae	g__UBA6398
SGB6778	d__Bacteria	p__Firmicutes	c__Bacilli	o__Erysipelotrichales	f__Coprobacillaceae	g__Catenibacterium
SGB6511	d__Bacteria	p__Firmicutes	c__Bacilli	o__RF39	f__UBA660	g__Ventrenecus
SGB4705	d__Bacteria	p__Firmicutes_A	c__Clostridia	o__Lachnospirales	f__Lachnospiraceae	g__Clostridium_Q
SGB4788	d__Bacteria	p__Firmicutes_A	c__Clostridia	o__Lachnospirales	f__Lachnospiraceae	g__Blautia
SGB49163	d__Bacteria	p__Firmicutes_B	c__Dehalobacteriia	o__UBA7702	f__UBA7702	g__UBA7702
SGB6540	d__Bacteria	p__Firmicutes	c__Bacilli	o__RF39	f__UBA660	g__Onthousia
SGB4188	d__Bacteria	p__Firmicutes_A	c__Clostridia	o__Oscillospirales	f__Ruminococcaceae	g__CAG-115
SGB4532	d__Bacteria	p__Firmicutes_A	c__Clostridia	o__Lachnospirales	f__Lachnospiraceae	g__Anaerobutyricum
SGB4874	d__Bacteria	p__Firmicutes_A	c__Clostridia	o__Lachnospirales	f__Lachnospiraceae	g__Fusicatenibacter
SGB4274	d__Bacteria	p__Firmicutes_A	c__Clostridia	o__Oscillospirales	f__Acutalibacteraceae	g__CAG-964
SGB14026	d__Bacteria	p__Firmicutes_A	c__Clostridia	o__Christensenellales	f__CAG-552	g__UBA10677
SGB6580	d__Bacteria	p__Firmicutes	c__Bacilli	o__ML615J-28	f__CAG-698	g__CAG-698
SGB4882	d__Bacteria	p__Firmicutes_A	c__Clostridia	o__Lachnospirales	f__Lachnospiraceae	g__COE1
SGB14004	d__Bacteria	p__Firmicutes_A	c__Clostridia	o__Christensenellales	f__Borkfalkiaceae	g__UBA10281
SGB14197	d__Bacteria	p__Firmicutes_A	c__Clostridia	o__Oscillospirales	f__CAG-382	g__UMGS1387
SGB8646	d__Bacteria	p__Cyanobacteria	c__Vampirovibrionia	o__Gastranaerophilales	f__Gastranaerophilaceae	g__UBA1221
SGB4421	d__Bacteria	p__Firmicutes_A	c__Clostridia	o__Oscillospirales	f__Ruminococcaceae	g__Ruminococcus_C
SGB21051	d__Bacteria	p__Firmicutes_A	c__Clostridia	o__Christensenellales	f__UBA1242	g__UBA7862
SGB20882	d__Bacteria	p__Firmicutes_A	c__Clostridia	o__Oscillospirales	f__Acutalibacteraceae	g__CAG-488
SGB3983	d__Bacteria	p__Firmicutes_A	c__Clostridia	o__Peptostreptococcales	f__Anaerovoracaceae	g__CAG-238
SGB6417	d__Bacteria	p__Firmicutes	c__Bacilli	o__RF39	f__UBA660	g__CAG-884
SGB4114	d__Bacteria	p__Firmicutes_A	c__Clostridia	o__Oscillospirales	f__Acutalibacteraceae	g__HGM12814
SGB20876	d__Bacteria	p__Firmicutes_A	c__Clostridia	o__Oscillospirales	f__Acutalibacteraceae	g__UBA6857
SGB4123	d__Bacteria	p__Firmicutes_A	c__Clostridia	o__Oscillospirales	f__Acutalibacteraceae	g__CAG-557
SGB20482	d__Bacteria	p__Firmicutes_A	c__Clostridia	o__Lachnospirales	f__Lachnospiraceae	g__Falcatimonas
SGB66053	d__Bacteria	p__Firmicutes_A	c__Clostridia	o__Lachnospirales	f__Lachnospiraceae	g__VUNI01
SGB4986	d__Bacteria	p__Firmicutes_A	c__Clostridia	o__Lachnospirales	f__Lachnospiraceae	g__UBA3282
SGB20770	d__Bacteria	p__Firmicutes_A	c__Clostridia	o__Oscillospirales	f__Oscillospiraceae	g__UBA738
SGB14224	d__Bacteria	p__Firmicutes_A	c__Clostridia	o__Oscillospirales	f__CAG-272	g__SIG710
SGB4159	d__Bacteria	p__Firmicutes_A	c__Clostridia	o__Monoglobales	f__Monoglobaceae	g__UMGS1494
SGB4246	d__Bacteria	p__Firmicutes_A	c__Clostridia	o__Oscillospirales	f__Ruminococcaceae	g__UMGS1889
SGB14071	d__Bacteria	p__Firmicutes_A	c__Clostridia	o__Christensenellales	f__UBA1242	g__UMGS1908
SGB6533	d__Bacteria	p__Firmicutes	c__Bacilli	o__RF39	f__UBA660	g__Scybalousia
SGB4867	d__Bacteria	p__Firmicutes_A	c__Clostridia	o__Lachnospirales	f__Lachnospiraceae	g__Oliverpabstia
SGB4444	d__Bacteria	p__Firmicutes_A	c__Clostridia	o__Oscillospirales	f__Ruminococcaceae	g__UBA5884
SGB15270	d__Bacteria	p__Firmicutes_A	c__Clostridia	o__Oscillospirales	f__Oscillospiraceae	g__CAJOIG01
SGB14190	d__Bacteria	p__Firmicutes_A	c__Clostridia	o__Oscillospirales	f__CAG-272	g__UBA1740
SGB14088	d__Bacteria	p__Firmicutes_A	c__Clostridia	o__Christensenellales	f__UBA1242	g__HGM11367
SGB6250	d__Bacteria	p__Firmicutes_A	c__Clostridia	o__TANB77	f__UBA1234	g__UBA1234
SGB19688	d__Bacteria	p__Elusimicrobiota	c__Elusimicrobia	o__Elusimicrobiales	f__Elusimicrobiaceae	g__Avelusimicrobium
SGB8609	d__Bacteria	p__Cyanobacteria	c__Vampirovibrionia	o__Gastranaerophilales	f__Gastranaerophilaceae	g__UBA6984
SGB4964	d__Bacteria	p__Firmicutes_A	c__Clostridia	o__Lachnospirales	f__Lachnospiraceae	g__UBA11774
SGB6472	d__Bacteria	p__Firmicutes	c__Bacilli	o__RF39	f__UBA660	g__CAG-302
SGB20292	d__Bacteria	p__Proteobacteria	c__Alphaproteobacteria	o__RF32	f__CAG-977	g__UBA2903
SGB14081	d__Bacteria	p__Firmicutes_A	c__Clostridia	o__Christensenellales	f__UBA1242	g__UMGS1470
SGB4183	d__Bacteria	p__Firmicutes_A	c__Clostridia	o__Oscillospirales	f__Ruminococcaceae	g__UBA1394
SGB6465	d__Bacteria	p__Firmicutes	c__Bacilli	o__RF39	f__UBA660	g__CAG-611
SGB15356	d__Bacteria	p__Firmicutes_A	c__Clostridia	o__Oscillospirales	f__Ruminococcaceae	g__Angelakisella
SGB5040	d__Bacteria	p__Firmicutes_A	c__Clostridia	o__Lachnospirales	f__Lachnospiraceae	g__Alectryocaccobium
SGB20497	d__Bacteria	p__Firmicutes_A	c__Clostridia	o__Lachnospirales	f__Lachnospiraceae	g__CAG-194
SGB9329	d__Bacteria	p__Proteobacteria	c__Alphaproteobacteria	o__RF32	f__CAG-239	g__CAZU01
SGB14185	d__Bacteria	p__Firmicutes_A	c__Clostridia	o__Oscillospirales	f__CAG-272	g__UMGS1225
SGB65105	d__Bacteria	p__Firmicutes_A	c__Clostridia	o__TANB77	f__CAG-508	g__CAG-273
SGB36997	d__Bacteria	p__Firmicutes_A	c__Clostridia	o__Lachnospirales	f__Lachnospiraceae	g__RUG115
SGB4960	d__Bacteria	p__Firmicutes_A	c__Clostridia	o__Lachnospirales	f__Lachnospiraceae	g__Eubacterium_I
SGB14136	d__Bacteria	p__Firmicutes_A	c__Clostridia	o__Christensenellales	f__QALW01	g__UMGS1338
SGB20700	d__Bacteria	p__Firmicutes_A	c__Clostridia	o__Oscillospirales	f__Ruminococcaceae	g__UBA11540
SGB4577	d__Bacteria	p__Firmicutes_A	c__Clostridia	o__Lachnospirales	f__Lachnospiraceae	g__Bariatricus
SGB19955	d__Archaea	p__Thermoplasmatota	c__Thermoplasmata	o__Methanomassiliicoccales	f__Methanomethylophilaceae	g__UBA71
SGB6970	d__Bacteria	p__Firmicutes_C	c__Negativicutes	o__Selenomonadales	f__Selenomonadaceae	g__Selenomonas_A
SGB15115	d__Bacteria	p__Firmicutes_A	c__Clostridia	o__Oscillospirales	f__Oscillospiraceae	g__UMGS1766
SGB13995	d__Bacteria	p__Firmicutes_A	c__Clostridia	o__Christensenellales	f__Borkfalkiaceae	unclassified__f__Borkfalkiaceae
SGB5197	d__Bacteria	p__Firmicutes_A	c__Clostridia	o__Lachnospirales	f__Anaerotignaceae	g__HGM11808
SGB2071	d__Bacteria	p__Bacteroidota	c__Bacteroidia	o__Bacteroidales	f__Muribaculaceae	g__Limisoma
SGB8671	d__Bacteria	p__Proteobacteria	c__Alphaproteobacteria	o__RF32	f__UBA3637	g__CAAHEQ01
SGB3579	d__Bacteria	p__Firmicutes_A	c__Clostridia	o__Christensenellales	f__QALW01	g__UMGS1322
SGB4269	d__Bacteria	p__Firmicutes_A	c__Clostridia	o__UBA1381	f__UBA1381	g__CAG-41
SGB4966	d__Bacteria	p__Firmicutes_A	c__Clostridia	o__Lachnospirales	f__Lachnospiraceae	g__Marvinbryantia
SGB21197	d__Bacteria	p__Firmicutes	c__Bacilli	o__RFN20	f__CAG-826	g__UBA3207
SGB4158	d__Bacteria	p__Firmicutes_A	c__Clostridia	o__UMGS1810	f__UMGS1810	g__NSJ-50
SGB19980	d__Bacteria	p__Bacteroidota	c__Bacteroidia	o__Bacteroidales	f__Paludibacteraceae	g__RF16
EUK944036	d__Eukaryota	p__Eukaryota_unclassified	c__Eukaryota_unclassified	o__Eukaryota_unclassified	f__Eukaryota_unclassified	g__Blastocystis
SGB6450	d__Bacteria	p__Firmicutes	c__Bacilli	o__RF39	f__UBA660	g__CAJLIR01
SGB5104	d__Bacteria	p__Firmicutes_A	c__Clostridia	o__Lachnospirales	f__Lachnospiraceae	g__CAG-590
SGB14215	d__Bacteria	p__Firmicutes_A	c__Clostridia	o__Oscillospirales	f__CAG-272	g__UMGS902
SGB20971	d__Bacteria	p__Eremiobacterota	c__Xenobia	o__Xenobiales	f__Xenobiaceae	g__Bruticola
SGB6437	d__Bacteria	p__Firmicutes	c__Bacilli	o__RF39	f__UBA660	g__Coprovivens
SGB4361	d__Bacteria	p__Firmicutes_A	c__Clostridia	o__Oscillospirales	f__Acutalibacteraceae	g__RUG806
SGB4669	d__Bacteria	p__Firmicutes_A	c__Clostridia	o__Lachnospirales	f__Lachnospiraceae	g__Coprococcus_A
SGB4778	d__Bacteria	p__Firmicutes_A	c__Clostridia	o__Lachnospirales	f__Lachnospiraceae	g__JAGTTR01
SGB4241	d__Bacteria	p__Firmicutes_A	c__Clostridia	o__Oscillospirales	f__Ruminococcaceae	g__UMGS363
SGB14212	d__Bacteria	p__Firmicutes_A	c__Clostridia	o__Oscillospirales	f__CAG-272	g__Firm-07
SGB6285	d__Bacteria	p__Firmicutes_A	c__Clostridia	o__TANB77	f__CAG-508	g__CAG-793
SGB20998	d__Bacteria	p__Firmicutes	c__Bacilli	o__RFN20	f__CAG-826	g__UBA4951
SGB4303	d__Bacteria	p__Firmicutes_A	c__Clostridia	o__Oscillospirales	f__Acutalibacteraceae	g__CAG-217
SGB14835	d__Bacteria	p__Firmicutes_A	c__Clostridia	o__Oscillospirales	f__Ruminococcaceae	g__Merdivicinus
SGB4154	d__Bacteria	p__Firmicutes_A	c__Clostridia	o__Monoglobales	f__Monoglobaceae	g__UMGS1326
SGB4363	d__Bacteria	p__Firmicutes_A	c__Clostridia	o__Oscillospirales	f__Acutalibacteraceae	g__UBA1081
SGB6486	d__Bacteria	p__Firmicutes	c__Bacilli	o__RF39	f__UBA660	g__CAG-628
SGB3668	d__Bacteria	p__Proteobacteria	c__Gammaproteobacteria	o__Enterobacterales	f__Succinivibrionaceae	g__WG-1
SGB47860	d__Bacteria	p__Firmicutes_A	c__Clostridia	o__Lachnospirales	f__Lachnospiraceae	g__Butyribacter
SGB6267	d__Bacteria	p__Firmicutes_A	c__Clostridia	o__TANB77	f__CAG-508	g__UMGS1901
SGB6602	d__Bacteria	p__Firmicutes	c__Bacilli	o__RFN20	f__CAG-288	g__CAG-288
SGB5055	d__Bacteria	p__Firmicutes_A	c__Clostridia	o__Lachnospirales	f__Lachnospiraceae	g__UBA2821
SGB6452	d__Bacteria	p__Firmicutes	c__Bacilli	o__RF39	f__UBA660	g__UMGS872
SGB5061	d__Bacteria	p__Firmicutes_A	c__Clostridia	o__Lachnospirales	f__Lachnospiraceae	g__CAG-882
SGB8656	d__Bacteria	p__Cyanobacteria	c__Vampirovibrionia	o__Gastranaerophilales	f__Gastranaerophilaceae	g__Zag111
SGB4280	d__Bacteria	p__Firmicutes_A	c__Clostridia	o__Oscillospirales	f__Acutalibacteraceae	g__Pseudoruminococcus_A
SGB9324	d__Bacteria	p__Proteobacteria	c__Alphaproteobacteria	o__RF32	f__CAG-239	g__RUG410
SGB9330	d__Bacteria	p__Proteobacteria	c__Alphaproteobacteria	o__RF32	f__CAG-239	g__51-20
SGB4249	d__Bacteria	p__Firmicutes_A	c__Clostridia	o__Oscillospirales	f__Ruminococcaceae	g__RGIG4694
SGB7970	d__Bacteria	p__Firmicutes	c__Bacilli	o__Lactobacillales	f__Enterococcaceae	g__Enterococcus_B
SGB20490	d__Bacteria	p__Firmicutes_A	c__Clostridia	o__Lachnospirales	f__Lachnospiraceae	g__CAG-603
SGB4260	d__Bacteria	p__Firmicutes_A	c__Clostridia	o__Oscillospirales	f__Ruminococcaceae	g__Ruminococcus_D
SGB21098	d__Bacteria	p__Cyanobacteria	c__Vampirovibrionia	o__Gastranaerophilales	f__Gastranaerophilaceae	g__UBA791
SGB4575	d__Bacteria	p__Firmicutes_A	c__Clostridia	o__Lachnospirales	f__Lachnospiraceae	g__Dorea
SGB14942	d__Bacteria	p__Firmicutes_A	c__Clostridia	o__Oscillospirales	f__Acutalibacteraceae	g__UMGS1487
SGB77779	d__Bacteria	p__Bacteroidota	c__Bacteroidia	o__Bacteroidales	f__Paludibacteraceae	g__UBA4363
SGB5190	d__Bacteria	p__Firmicutes_A	c__Clostridia	o__Lachnospirales	f__Anaerotignaceae	g__Anaerotignum
SGB14062	d__Bacteria	p__Firmicutes_A	c__Clostridia	o__Christensenellales	f__UBA1242	g__Onthoplasma
SGB6513	d__Bacteria	p__Firmicutes	c__Bacilli	o__RF39	f__UBA660	g__CAG-605
SGB5068	d__Bacteria	p__Firmicutes_A	c__Clostridia	o__Lachnospirales	f__Lachnospiraceae	g__Bacteroides_F
SGB6358	d__Bacteria	p__Firmicutes_A	c__Clostridia	o__TANB77	f__CAG-508	g__CAG-269
SGB15240	d__Bacteria	p__Firmicutes_A	c__Clostridia	o__Oscillospirales	f__Oscillospiraceae	g__RGIG7114
SGB13948	d__Bacteria	p__Firmicutes_A	c__Clostridia	o__Christensenellales	f__CAG-917	g__CAG-917
SGB14053	d__Bacteria	p__Firmicutes_A	c__Clostridia	o__Christensenellales	f__UBA1242	g__HGM11372
SGB8619	d__Bacteria	p__Cyanobacteria	c__Vampirovibrionia	o__Gastranaerophilales	f__Gastranaerophilaceae	g__UBA2883
SGB5042	d__Bacteria	p__Firmicutes_A	c__Clostridia	o__Lachnospirales	f__Lachnospiraceae	g__Eubacterium_G
SGB4108	d__Bacteria	p__Firmicutes_A	c__Clostridia	o__Oscillospirales	f__Acutalibacteraceae	g__RUG14215
SGB4514	d__Bacteria	p__Firmicutes_A	c__Clostridia	o__Lachnospirales	f__Lachnospiraceae	g__Clostridium_AI
SGB9315	d__Bacteria	p__Proteobacteria	c__Alphaproteobacteria	o__RF32	f__CAG-977	unclassified__f__CAG-977
SGB19690	d__Bacteria	p__Elusimicrobiota	c__Elusimicrobia	o__Elusimicrobiales	f__Elusimicrobiaceae	g__UBA1436
SGB19125	d__Bacteria	p__Verrucomicrobiota	c__Verrucomicrobiae	o__Opitutales	f__UBA9783	unclassified__f__UBA9783
SGB7839	d__Bacteria	p__Firmicutes	c__Bacilli	o__Staphylococcales	f__Staphylococcaceae	g__Staphylococcus
SGB10410	d__Bacteria	p__Proteobacteria	c__Gammaproteobacteria	o__Pseudomonadales	f__Moraxellaceae	g__Acinetobacter
SGB19697	d__Bacteria	p__Elusimicrobiota	c__Elusimicrobia	o__Elusimicrobiales	f__Elusimicrobiaceae	g__UBA1174
SGB15271	d__Bacteria	p__Firmicutes_A	c__Clostridia	o__Oscillospirales	f__Ruminococcaceae	g__Ruthenibacterium
SGB14987	d__Bacteria	p__Firmicutes_A	c__Clostridia	o__Oscillospirales	f__Butyricicoccaceae	g__Butyricicoccus
SGB4616	d__Bacteria	p__Firmicutes_A	c__Clostridia	o__Lachnospirales	f__Lachnospiraceae	g__Muricomes
SGB25431	d__Bacteria	p__Firmicutes_A	c__Clostridia	o__Lachnospirales	f__Lachnospiraceae	g__Scatomonas
SGB9307	d__Bacteria	p__Proteobacteria	c__Alphaproteobacteria	o__RF32	f__CAG-977	g__UBA11549
SGB6550	d__Bacteria	p__Firmicutes	c__Bacilli	o__RF39	f__UBA660	g__Faecimonas
SGB6264	d__Bacteria	p__Firmicutes_A	c__Clostridia	o__TANB77	f__CAG-508	g__Scatovivens
SGB77297	d__Bacteria	p__Campylobacterota	c__Campylobacteria	o__Campylobacterales	f__Campylobacteraceae	g__Campylobacter_D
SGB4716	d__Bacteria	p__Firmicutes_A	c__Clostridia	o__Lachnospirales	f__Lachnospiraceae	g__Copromonas
SGB15145	d__Bacteria	p__Firmicutes_A	c__Clostridia	o__Oscillospirales	f__Oscillospiraceae	g__Lawsonibacter
SGB14993	d__Bacteria	p__Firmicutes_A	c__Clostridia	o__Oscillospirales	f__Butyricicoccaceae	g__Agathobaculum
SGB6385	d__Bacteria	p__Firmicutes_A	c__Clostridia	o__TANB77	f__CAG-465	g__CAG-465
SGB14246	d__Bacteria	p__Firmicutes_A	c__Clostridia	o__Oscillospirales	f__CAG-272	g__UMGS911
SGB20349	d__Bacteria	p__Fibrobacterota	c__Fibrobacteria	o__Fibrobacterales	f__Fibrobacteraceae	g__UBA1765
SGB7818	d__Bacteria	p__Firmicutes	c__Bacilli	o__Staphylococcales	f__Staphylococcaceae	g__Mammaliicoccus
SGB10028	d__Bacteria	p__Proteobacteria	c__Gammaproteobacteria	o__Enterobacterales	f__Enterobacteriaceae	g__Morganella
SGB29372	d__Bacteria	p__Firmicutes_A	c__Clostridia	o__Lachnospirales	f__Lachnospiraceae	g__Lacrimispora
SGB10050	d__Bacteria	p__Proteobacteria	c__Gammaproteobacteria	o__Enterobacterales	f__Enterobacteriaceae	g__Kosakonia
SGB6679	d__Bacteria	p__Firmicutes_A	c__Clostridia	o__Tissierellales	f__Peptoniphilaceae	g__Anaerococcus
SGB29454	d__Bacteria	p__Firmicutes_A	c__Clostridia	o__Lachnospirales	f__Lachnospiraceae	g__Mobilisporobacter
SGB31151	d__Bacteria	p__Proteobacteria	c__Gammaproteobacteria	o__Enterobacterales	f__Enterobacteriaceae	g__BIGb0383
SGB54347	d__Bacteria	p__Firmicutes_A	c__Clostridia	o__Oscillospirales	f__Butyricicoccaceae	unclassified__f__Butyricicoccaceae
SGB29241	d__Bacteria	p__Firmicutes	c__Bacilli	o__Paenibacillales	f__Paenibacillaceae	g__Paenibacillus_A
SGB14905	d__Bacteria	p__Firmicutes_A	c__Clostridia	o__Oscillospirales	f__Ruminococcaceae	g__UMGS1668
SGB79686	d__Bacteria	p__Firmicutes_A	c__Clostridia	o__Lachnospirales	f__Lachnospiraceae	g__Anaerocolumna
SGB14198	d__Bacteria	p__Firmicutes_A	c__Clostridia	o__Oscillospirales	f__CAG-382	g__UMGS882
SGB6524	d__Bacteria	p__Firmicutes	c__Bacilli	o__RF39	f__UBA660	g__HGM10766
SGB47403	d__Bacteria	p__Firmicutes_A	c__Clostridia	o__UBA1381	f__UBA1381	g__UBA4716
SGB4780	d__Bacteria	p__Firmicutes_A	c__Clostridia	o__Lachnospirales	f__Lachnospiraceae	g__Limivivens
SGB4434	d__Bacteria	p__Firmicutes_A	c__Clostridia	o__Lachnospirales	f__UBA1390	g__Faecimorpha
SGB6601	d__Bacteria	p__Firmicutes	c__Bacilli	o__RFN20	f__CAG-288	g__CAG-345
SGB14861	d__Bacteria	p__Firmicutes_A	c__Clostridia	o__Oscillospirales	f__Acutalibacteraceae	g__UBA1417
SGB4130	d__Bacteria	p__Firmicutes_A	c__Clostridia	o__Oscillospirales	f__Ruminococcaceae	g__RGIG3102
SGB4965	d__Bacteria	p__Firmicutes_A	c__Clostridia	o__Lachnospirales	f__Lachnospiraceae	g__CAG-411
SGB8629	d__Bacteria	p__Cyanobacteria	c__Vampirovibrionia	o__Gastranaerophilales	f__Gastranaerophilaceae	g__Scatousia
SGB4142	d__Bacteria	p__Firmicutes_A	c__Clostridia	o__UBA1381	f__UBA9506	g__UMGS755
SGB13979	d__Bacteria	p__Firmicutes_A	c__Clostridia	o__Christensenellales	f__Borkfalkiaceae	g__UBA7597
SGB15413	d__Bacteria	p__Firmicutes_A	c__Clostridia	o__Christensenellales	f__CAG-74	g__Fimadaptatus
SGB5090	d__Bacteria	p__Firmicutes_A	c__Clostridia	o__Lachnospirales	f__Lachnospiraceae	g__KLE1615
SGB8594	d__Bacteria	p__Cyanobacteria	c__Vampirovibrionia	o__Gastranaerophilales	f__Gastranaerophilaceae	g__RUG841
SGB9205	d__Bacteria	p__Verrucomicrobiota	c__Lentisphaeria	o__Victivallales	f__UBA1829	g__UBA11452
SGB5065	d__Bacteria	p__Firmicutes_A	c__Clostridia	o__Lachnospirales	f__Lachnospiraceae	g__Butyrivibrio_A
SGB4342	d__Bacteria	p__Firmicutes_A	c__Clostridia	o__Oscillospirales	f__Acutalibacteraceae	g__UMGS1484
SGB4350	d__Bacteria	p__Firmicutes_A	c__Clostridia	o__Oscillospirales	f__Acutalibacteraceae	g__Fimenecus
SGB72336	d__Bacteria	p__Firmicutes_A	c__Clostridia	o__Oscillospirales	f__Acutalibacteraceae	g__NSJ-40
SGB2285	d__Bacteria	p__Bacteroidota	c__Bacteroidia	o__Bacteroidales	f__Rikenellaceae	g__UBA940
SGB6271	d__Bacteria	p__Firmicutes_A	c__Clostridia	o__TANB77	f__CAG-508	g__CAG-245
SGB14067	d__Bacteria	p__Firmicutes_A	c__Clostridia	o__Christensenellales	f__UBA1242	g__UMGS2070
SGB4122	d__Bacteria	p__Firmicutes_A	c__Clostridia	o__Oscillospirales	f__Acutalibacteraceae	g__UMGS1224
SGB6291	d__Bacteria	p__Firmicutes_A	c__Clostridia	o__TANB77	f__CAG-508	g__UMGS1781
SGB6462	d__Bacteria	p__Firmicutes	c__Bacilli	o__RF39	f__UBA660	g__RUG705
SGB4571	d__Bacteria	p__Firmicutes_A	c__Clostridia	o__Lachnospirales	f__Lachnospiraceae	g__CAG-317
SGB8640	d__Bacteria	p__Cyanobacteria	c__Vampirovibrionia	o__Gastranaerophilales	f__Gastranaerophilaceae	g__Stercorousia
SGB7962	d__Bacteria	p__Firmicutes	c__Bacilli	o__Lactobacillales	f__Enterococcaceae	g__Enterococcus
SGB49086	d__Bacteria	p__Firmicutes	c__Bacilli	o__Lactobacillales	f__Vagococcaceae	g__Vagococcus_A
SGB36663	d__Bacteria	p__Bacteroidota	c__Bacteroidia	o__Bacteroidales	f__WCHB1-69	g__UBA1756
SGB9260	d__Bacteria	p__Proteobacteria	c__Gammaproteobacteria	o__Burkholderiales	f__Burkholderiaceae	g__Parasutterella
SGB19749	d__Bacteria	p__Patescibacteria	c__Saccharimonadia	o__Saccharimonadales	f__Nanosyncoccaceae	g__UBA2834
SGB7050	d__Bacteria	p__Firmicutes	c__Bacilli	o__Lactobacillales	f__Lactobacillaceae	g__Lactobacillus
SGB1437	d__Bacteria	p__Bacteroidota	c__Bacteroidia	o__Bacteroidales	f__Bacteroidaceae	g__UBA4372
SGB4047	d__Bacteria	p__Firmicutes	c__Bacilli	o__Erysipelotrichales	f__Erysipelotrichaceae	g__Faecalibaculum
SGB1614	d__Bacteria	p__Bacteroidota	c__Bacteroidia	o__Bacteroidales	f__Bacteroidaceae	g__Prevotella
SGB36345	d__Bacteria	p__Fibrobacterota	c__Fibrobacteria	o__Fibrobacterales	f__Fibrobacteraceae	g__Fibrobacter
SGB37439	d__Bacteria	p__Firmicutes_A	c__Clostridia	o__Saccharofermentanales	f__Saccharofermentanaceae	g__Firm-16
SGB42251	d__Bacteria	p__Firmicutes	c__Bacilli	o__Erysipelotrichales	f__Erysipelotrichaceae	g__Dubosiella
SGB40379	d__Bacteria	p__Bacteroidota	c__Bacteroidia	o__Bacteroidales	f__Bacteroidaceae	g__UBA1179
SGB14012	d__Bacteria	p__Firmicutes_A	c__Clostridia	o__Christensenellales	f__Borkfalkiaceae	g__UBA4636
SGB41084	d__Bacteria	p__Firmicutes_A	c__Clostridia	o__Saccharofermentanales	f__Saccharofermentanaceae	g__Saccharofermentans
SGB17826	d__Bacteria	p__Bacteroidota	c__Bacteroidia	o__Bacteroidales	f__F082	g__Limimorpha
SGB15374	d__Bacteria	p__Firmicutes_A	c__Clostridia	o__Christensenellales	f__CAG-74	g__Ventricola
SGB36949	d__Bacteria	p__Firmicutes_A	c__Clostridia	o__Lachnospirales	f__Lachnospiraceae	g__Eubacterium_Q
SGB47535	d__Bacteria	p__Firmicutes_A	c__Clostridia	o__Lachnospirales	f__Lachnospiraceae	g__UBA2868
SGB4771	d__Bacteria	p__Firmicutes_A	c__Clostridia	o__Lachnospirales	f__Lachnospiraceae	g__Merdisoma
SGB43891	d__Bacteria	p__Planctomycetota	c__Planctomycetia	o__Pirellulales	f__Thermoguttaceae	g__RUG369
SGB73936	d__Bacteria	p__Firmicutes_A	c__Clostridia	o__Oscillospirales	f__Oscillospiraceae	g__UBA2658
SGB17348	d__Bacteria	p__Verrucomicrobiota	c__Lentisphaeria	o__UBA1407	f__UBA1407	g__UBA1724
SGB3926_group	d__Bacteria	p__Firmicutes_A	c__Clostridia	o__Peptostreptococcales	f__Anaerovoracaceae	g__VUNA01
SGB698	d__Archaea	p__Methanobacteriota	c__Methanobacteria	o__Methanobacteriales	f__Methanobacteriaceae	g__Methanosphaera
SGB4781	d__Bacteria	p__Firmicutes_A	c__Clostridia	o__Lachnospirales	f__Lachnospiraceae	g__Choladousia
SGB35593	d__Bacteria	p__Bacteroidota	c__Bacteroidia	o__Bacteroidales	f__Paludibacteraceae	g__UBA1723
SGB5239	d__Bacteria	p__Firmicutes_A	c__Clostridia	o__Lachnospirales	f__Lachnospiraceae	g__CAG-791
SGB6796	d__Bacteria	p__Firmicutes	c__Bacilli	o__Erysipelotrichales	f__Erysipelotrichaceae	g__Holdemanella
SGB14786	d__Bacteria	p__Actinobacteriota	c__Coriobacteriia	o__Coriobacteriales	f__Eggerthellaceae	g__UMGS1502
SGB14770	d__Bacteria	p__Actinobacteriota	c__Coriobacteriia	o__Coriobacteriales	f__QAMH01	g__QAMH01
SGB37356	d__Bacteria	p__Firmicutes_A	c__Clostridia	o__Christensenellales	f__CAG-74	g__GCA-900199385
SGB14899	d__Bacteria	p__Firmicutes_A	c__Clostridia	o__Oscillospirales	f__Ruminococcaceae	g__UBA3818
SGB39729	d__Bacteria	p__Patescibacteria	c__Saccharimonadia	o__Saccharimonadales	f__Nanosyncoccaceae	g__Nanosyncoccus
SGB385	d__Archaea	p__Thermoplasmatota	c__Thermoplasmata	o__Methanomassiliicoccales	f__Methanomethylophilaceae	g__Methanomethylophilus
SGB4708	d__Bacteria	p__Firmicutes_A	c__Clostridia	o__Lachnospirales	f__Lachnospiraceae	g__UBA3402
SGB79689	d__Bacteria	p__Firmicutes_A	c__Clostridia	o__Lachnospirales	f__Lachnospiraceae	g__Anaerosporobacter
SGB14111	d__Bacteria	p__Firmicutes_A	c__Clostridia	o__Christensenellales	f__CAG-314	g__UMGS692
SGB1776	d__Bacteria	p__Bacteroidota	c__Bacteroidia	o__Bacteroidales	f__Marinifilaceae	g__Gabonibacter
SGB72500	d__Bacteria	p__Actinobacteriota	c__Coriobacteriia	o__Coriobacteriales	f__Atopobiaceae	g__Paratractidigestivibacter
SGB4172	d__Bacteria	p__Firmicutes_A	c__Clostridia	o__Oscillospirales	f__Ruminococcaceae	g__Faeciplasma
SGB14300	d__Bacteria	p__Firmicutes_A	c__Clostridia	o__Christensenellales	f__CAG-138	g__SFDB01
SGB1185	d__Bacteria	p__Proteobacteria	c__Alphaproteobacteria	o__Acetobacterales	f__Acetobacteraceae	g__Neoasaia
SGB17234	d__Bacteria	p__Actinobacteriota	c__Actinomycetia	o__Actinomycetales	f__Bifidobacteriaceae	g__Bifidobacterium
SGB4110	d__Bacteria	p__Firmicutes_A	c__Clostridia	o__Oscillospirales	f__Acutalibacteraceae	g__UMGS1491
SGB4539	d__Bacteria	p__Firmicutes_A	c__Clostridia	o__Lachnospirales	f__Lachnospiraceae	g__Anaerostipes
SGB9274	d__Bacteria	p__Proteobacteria	c__Gammaproteobacteria	o__Burkholderiales	f__Burkholderiaceae	g__Duodenibacillus
SGB6460	d__Bacteria	p__Firmicutes	c__Bacilli	o__RF39	f__UBA660	g__CAG-762
SGB35817	d__Bacteria	p__Bacteroidota	c__Bacteroidia	o__Bacteroidales	f__Bacteroidaceae	g__UBA4334
SGB1415	d__Bacteria	p__Bacteroidota	c__Bacteroidia	o__Bacteroidales	f__Bacteroidaceae	g__UBA6382
SGB35871	d__Bacteria	p__Bacteroidota	c__Bacteroidia	o__Bacteroidales	f__P3	g__UBA1711
SGB14193	d__Bacteria	p__Firmicutes_A	c__Clostridia	o__Oscillospirales	f__CAG-272	g__UBA11512
SGB15352	d__Bacteria	p__Firmicutes_A	c__Clostridia	o__Oscillospirales	f__Ruminococcaceae	g__HGM13233
SGB14085	d__Bacteria	p__Firmicutes_A	c__Clostridia	o__Christensenellales	f__UBA1242	g__UMGS687
SGB2020	d__Bacteria	p__Bacteroidota	c__Bacteroidia	o__Bacteroidales	f__Muribaculaceae	g__SFTJ01
SGB7479	d__Bacteria	p__Firmicutes	c__Bacilli	o__Bacillales_A	f__Planococcaceae	g__Caryophanon
SGB82607	d__Bacteria	p__Firmicutes	c__Bacilli	o__Lactobacillales	f__Streptococcaceae	g__Lactococcus
SGB4168	d__Bacteria	p__Firmicutes_A	c__Clostridia	o__Oscillospirales	f__Acutalibacteraceae	g__UBA1227
SGB10172	d__Bacteria	p__Proteobacteria	c__Gammaproteobacteria	o__Enterobacterales	f__Enterobacteriaceae	g__Pantoea
SGB21224	d__Bacteria	p__Spirochaetota	c__Spirochaetia	o__Treponematales	f__Treponemataceae	g__Treponema_D
SGB5180	d__Bacteria	p__Firmicutes_A	c__Clostridia	o__Lachnospirales	f__Anaerotignaceae	g__Metalachnospira
SGB79840	d__Bacteria	p__Firmicutes_A	c__Clostridia	o__Oscillospirales	f__Oscillospiraceae	g__Instestinimonas_A
SGB5537	d__Bacteria	p__Proteobacteria	c__Alphaproteobacteria	o__Rickettsiales	f__Anaplasmataceae	g__Wolbachia
SGB59334	d__Bacteria	p__Firmicutes_A	c__Clostridia	o__Lachnospirales	f__Cellulosilyticaceae	g__Cellulosilyticum
SGB9202	d__Bacteria	p__Verrucomicrobiota	c__Lentisphaeria	o__Victivallales	f__Victivallaceae	g__Victivallis
SGB14177	d__Bacteria	p__Firmicutes_A	c__Clostridia	o__Oscillospirales	f__Ruminococcaceae	g__HGM13222
SGB53111	d__Bacteria	p__Firmicutes_A	c__Clostridia	o__Christensenellales	f__CAG-138	g__PeH17
SGB47291	d__Bacteria	p__Firmicutes_A	c__Clostridia	o__TANB77	f__CAG-508	g__SFKP01
SGB4993	d__Bacteria	p__Firmicutes_A	c__Clostridia	o__Lachnospirales	f__Lachnospiraceae	g__Eisenbergiella
SGB20561	d__Bacteria	p__Firmicutes_A	c__Clostridia	o__Peptostreptococcales	f__Anaerovoracaceae	g__Emergencia
SGB4637	d__Bacteria	p__Firmicutes_A	c__Clostridia	o__Lachnospirales	f__Lachnospiraceae	g__V9D3004
SGB39400	d__Archaea	p__Methanobacteriota	c__Methanobacteria	o__Methanobacteriales	f__Methanobacteriaceae	g__Methanobrevibacter
SGB6483	d__Bacteria	p__Firmicutes	c__Bacilli	o__RF39	f__UBA660	g__JAEDMO01
SGB14116	d__Bacteria	p__Firmicutes_A	c__Clostridia	o__Christensenellales	f__CAG-314	g__SFEB01
SGB71345	d__Bacteria	p__Firmicutes_A	c__Clostridia	o__Peptostreptococcales	f__Anaerovoracaceae	g__RUG099
SGB5986	d__Bacteria	p__Fusobacteriota	c__Fusobacteriia	o__Fusobacteriales	f__Fusobacteriaceae	g__Fusobacterium_C
SGB19463	d__Bacteria	p__Campylobacterota	c__Campylobacteria	o__Campylobacterales	f__Campylobacteraceae	g__Campylobacter
SGB9360	d__Bacteria	p__Proteobacteria	c__Gammaproteobacteria	o__Burkholderiales	f__Rhodocyclaceae	g__SFHR01
SGB5234	d__Bacteria	p__Firmicutes_A	c__Clostridia	o__Lachnospirales	f__Lachnospiraceae	g__Oribacterium
SGB8672	d__Bacteria	p__Proteobacteria	c__Alphaproteobacteria	o__RF32	f__UBA3637	unclassified__f__UBA3637
SGB14124	d__Bacteria	p__Firmicutes_A	c__Clostridia	o__Christensenellales	f__Christensenellaceae	g__QANA01
SGB37219	d__Bacteria	p__Verrucomicrobiota	c__Lentisphaeria	o__Victivallales	f__UBA1829	g__UBA1732
SGB38814	d__Bacteria	p__Spirochaetota	c__Spirochaetia	o__Sphaerochaetales	f__Sphaerochaetaceae	g__RUG023
SGB41168	d__Bacteria	p__Firmicutes_A	c__Clostridia	o__Peptostreptococcales	f__Anaerovoracaceae	g__RUG754
SGB79690	d__Bacteria	p__Firmicutes_A	c__Clostridia	o__Lachnospirales	f__Lachnospiraceae	g__KM106-2
SGB5730	d__Bacteria	p__Firmicutes_C	c__Negativicutes	o__Acidaminococcales	f__Acidaminococcaceae	g__Succiniclasticum
SGB44173	d__Bacteria	p__Spirochaetota	c__Spirochaetia	o__CADAEX01	f__CADAEX01	g__CADAEX01
SGB37105	d__Bacteria	p__Firmicutes_A	c__Clostridia	o__Lachnospirales	f__Lachnospiraceae	g__UBA6987
SGB53522	d__Bacteria	p__Firmicutes_A	c__Clostridia	o__Oscillospirales	f__Oscillospiraceae	g__F23-B02
SGB59916	d__Bacteria	p__Firmicutes_A	c__Clostridia	o__Oscillospirales	f__Ruminococcaceae	g__QAMM01
SGB8593	d__Bacteria	p__Cyanobacteria	c__Vampirovibrionia	o__Gastranaerophilales	f__Gastranaerophilaceae	g__QHMH01
SGB29347	d__Bacteria	p__Firmicutes_A	c__Clostridia	o__Oscillospirales	f__Ruminococcaceae	g__Massilimaliae
SGB14127	d__Bacteria	p__Firmicutes_A	c__Clostridia	o__Christensenellales	f__Christensenellaceae	g__NSJ-63
SGB30646	d__Bacteria	p__Proteobacteria	c__Gammaproteobacteria	o__Burkholderiales	f__Neisseriaceae	g__Vitreoscilla
SGB14927	d__Bacteria	p__Firmicutes_A	c__Clostridia	o__Oscillospirales	f__Acutalibacteraceae	g__UMGS1474
SGB5060	d__Bacteria	p__Firmicutes_A	c__Clostridia	o__Lachnospirales	f__Lachnospiraceae	g__UBA4285
SGB14966	d__Bacteria	p__Firmicutes_A	c__Clostridia	o__Oscillospirales	f__Oscillospiraceae	unclassified__f__Oscillospiraceae
SGB7114	d__Bacteria	p__Firmicutes	c__Bacilli	o__Lactobacillales	f__Lactobacillaceae	g__Weissella
SGB72433	d__Bacteria	p__Actinobacteriota	c__Coriobacteriia	o__Coriobacteriales	f__Eggerthellaceae	g__Ellagibacter
SGB14295	d__Bacteria	p__Firmicutes_A	c__Clostridia	o__Christensenellales	f__CAG-138	unclassified__f__CAG-138
SGB6484	d__Bacteria	p__Firmicutes	c__Bacilli	o__RF39	f__UBA660	g__CAG-914
SGB65647	d__Bacteria	p__Bacteroidota	c__Bacteroidia	o__Bacteroidales	f__P3	g__UBA1217
SGB72475	d__Bacteria	p__Actinobacteriota	c__Coriobacteriia	o__Coriobacteriales	f__UMGS124	g__UMGS124
SGB35823	d__Bacteria	p__Bacteroidota	c__Bacteroidia	o__Bacteroidales	f__Bacteroidaceae	g__UBA3839
SGB4553_group	d__Bacteria	p__Firmicutes_A	c__Clostridia	o__Lachnospirales	f__Lachnospiraceae	g__Schaedlerella
SGB2134	d__Bacteria	p__Bacteroidota	c__Bacteroidia	o__Bacteroidales	f__Muribaculaceae	g__UBA7173
SGB4407	d__Bacteria	p__Firmicutes_A	c__Clostridia	o__Oscillospirales	f__Acutalibacteraceae	g__UMGS1976
SGB39833	d__Bacteria	p__Bacteroidota	c__Bacteroidia	o__Bacteroidales	f__ML635J-15	g__Bact-19
SGB7265	d__Bacteria	p__Firmicutes_A	c__Clostridia	o__Christensenellales	f__GCA-900066905	g__GCA-900066905
SGB15460	d__Bacteria	p__Desulfobacterota_I	c__Desulfovibrionia	o__Desulfovibrionales	f__Desulfovibrionaceae	g__Mailhella
SGB3573	d__Bacteria	p__Firmicutes_A	c__Clostridia	o__Christensenellales	f__QAND01	g__UMGS1975
SGB14298	d__Bacteria	p__Firmicutes_A	c__Clostridia	o__Christensenellales	f__CAG-138	g__Aphodomorpha
SGB14099	d__Bacteria	p__Firmicutes_A	c__Clostridia	o__Christensenellales	f__CAG-314	g__UMGS929
SGB42378	d__Bacteria	p__Firmicutes_A	c__Clostridia	o__Oscillospirales	f__Ruminococcaceae	g__Firm-04
SGB15503	d__Bacteria	p__Synergistota	c__Synergistia	o__Synergistales	f__Synergistaceae	g__Caccocola
SGB35507	d__Bacteria	p__Bacteroidota	c__Bacteroidia	o__Bacteroidales	f__UBA932	g__Bact-11
SGB19402	d__Bacteria	p__Campylobacterota	c__Campylobacteria	o__Campylobacterales	f__Helicobacteraceae	g__Helicobacter_D
SGB5904	d__Bacteria	p__Firmicutes_C	c__Negativicutes	o__Selenomonadales	f__Selenomonadaceae	g__Mitsuokella
SGB37205	d__Bacteria	p__UBA3054	c__UBA3054	o__UBA3054	f__UBA3054	g__UBA3054
SGB15505	d__Bacteria	p__Synergistota	c__Synergistia	o__Synergistales	f__Synergistaceae	g__Synergistes
SGB6818	d__Bacteria	p__Firmicutes	c__Bacilli	o__Erysipelotrichales	f__Erysipelotrichaceae	g__Absicoccus
SGB4685	d__Bacteria	p__Firmicutes_A	c__Clostridia	o__Lachnospirales	f__Lachnospiraceae	g__Fimousia
SGB43057	d__Bacteria	p__Firmicutes_A	c__Clostridia	o__Oscillospirales	f__Acutalibacteraceae	g__RUG420
SGB957	d__Bacteria	p__Actinobacteriota	c__Coriobacteriia	o__Coriobacteriales	f__Eggerthellaceae	g__Phoenicibacter
SGB33579	d__Bacteria	p__Actinobacteriota	c__Coriobacteriia	o__Coriobacteriales	f__Atopobiaceae	g__NM07-P-09
SGB14339	d__Bacteria	p__Actinobacteriota	c__Coriobacteriia	o__Coriobacteriales	f__Eggerthellaceae	g__CAG-1427
SGB5874	d__Bacteria	p__Firmicutes_C	c__Negativicutes	o__Selenomonadales	f__Selenomonadaceae	g__Schwartzia
SGB14797	d__Bacteria	p__Actinobacteriota	c__Coriobacteriia	o__Coriobacteriales	f__Eggerthellaceae	g__Adlercreutzia
SGB15507	d__Bacteria	p__Synergistota	c__Synergistia	o__Synergistales	f__Synergistaceae	g__Cloacibacillus
SGB82546	d__Bacteria	p__Firmicutes_A	c__Clostridia	o__Christensenellales	f__Christensenellaceae	g__Christensenella
SGB14937	d__Bacteria	p__Firmicutes_A	c__Clostridia	o__Oscillospirales	f__Acutalibacteraceae	g__UMGS856
SGB5792	d__Bacteria	p__Firmicutes_C	c__Negativicutes	o__Acidaminococcales	f__Acidaminococcaceae	g__Phascolarctobacterium
SGB105325	d__Bacteria	p__Firmicutes	c__Bacilli	o__Erysipelotrichales	f__Erysipelotrichaceae	unclassified__f__Erysipelotrichaceae
SGB3580	d__Bacteria	p__Firmicutes_A	c__Clostridia	o__UMGS1840	f__HGM11507	g__HGM11507
SGB14853	d__Bacteria	p__Firmicutes_A	c__Clostridia	o__Oscillospirales	f__Acutalibacteraceae	g__Clostridium_A
SGB1784	d__Bacteria	p__Bacteroidota	c__Bacteroidia	o__Bacteroidales	f__Marinifilaceae	g__Butyricimonas
SGB4449	d__Bacteria	p__Firmicutes_A	c__Clostridia	o__Lachnospirales	f__CAG-274	g__Gallispira
SGB20393	d__Bacteria	p__Firmicutes_C	c__Negativicutes	o__Veillonellales	f__Megasphaeraceae	g__Megasphaera
SGB13972	d__Bacteria	p__Firmicutes_A	c__Clostridia	o__Christensenellales	f__CAG-917	g__CAG-475
SGB5843	d__Bacteria	p__Firmicutes_C	c__Negativicutes	o__Veillonellales	f__Dialisteraceae	g__Allisonella
SGB1985	d__Bacteria	p__Bacteroidota	c__Bacteroidia	o__Bacteroidales	f__Porphyromonadaceae	g__Porphyromonas_A
SGB14773	d__Bacteria	p__Actinobacteriota	c__Coriobacteriia	o__Coriobacteriales	f__Eggerthellaceae	g__Slackia_A
SGB15452	d__Bacteria	p__Desulfobacterota_I	c__Desulfovibrionia	o__Desulfovibrionales	f__Desulfovibrionaceae	g__Bilophila
SGB4803	d__Bacteria	p__Firmicutes_A	c__Clostridia	o__Lachnospirales	f__Lachnospiraceae	g__Pelethocola
SGB43593	d__Bacteria	p__Firmicutes_A	c__Clostridia	o__Christensenellales	f__CAG-138	g__UBA3792
SGB4082	d__Bacteria	p__Firmicutes_A	c__Clostridia	o__Eubacteriales	f__Eubacteriaceae	g__Pseudoramibacter
SGB2275	d__Bacteria	p__Bacteroidota	c__Bacteroidia	o__Flavobacteriales	f__UBA1820	g__Merdimorpha
SGB9359	d__Bacteria	p__Proteobacteria	c__Alphaproteobacteria	o__RF32	f__UBA3637	g__UBA7488
SGB15203	d__Bacteria	p__Firmicutes_A	c__Clostridia	o__Oscillospirales	f__Oscillospiraceae	g__Scatomorpha
SGB8780	d__Bacteria	p__Verrucomicrobiota	c__Verrucomicrobiae	o__Opitutales	f__CAG-312	g__UMGS1490
SGB9320	d__Bacteria	p__Proteobacteria	c__Alphaproteobacteria	o__RF32	f__CAG-239	g__CAAFZY01
SGB14951	d__Bacteria	p__Firmicutes_A	c__Clostridia	o__Oscillospirales	f__UMGS1783	g__UMGS1783
SGB2009	d__Bacteria	p__Bacteroidota	c__Bacteroidia	o__Bacteroidales	f__Dysgonomonadaceae	g__Proteiniphilum
SGB43533	d__Bacteria	p__Firmicutes_A	c__Clostridia	o__Oscillospirales	f__Oscillospiraceae	g__Enterenecus
SGB1790	d__Bacteria	p__Bacteroidota	c__Bacteroidia	o__Bacteroidales	f__Marinifilaceae	g__Odoribacter
SGB14255	d__Bacteria	p__Firmicutes_A	c__Clostridia	o__Oscillospirales	f__CAG-272	g__UMGS1696
SGB3952	d__Bacteria	p__Firmicutes_A	c__Clostridia	o__Peptostreptococcales	f__Anaerovoracaceae	g__QAKD01
SGB53517	d__Bacteria	p__Firmicutes_A	c__Clostridia	o__Oscillospirales	f__Acutalibacteraceae	g__UMGS1591
SGB40949	d__Bacteria	p__Firmicutes_A	c__Clostridia	o__Christensenellales	f__QALW01	g__JAHAAN01
SGB1024	d__Bacteria	p__Firmicutes	c__Bacilli	o__RFN20	f__CAG-288	g__CAG-568
SGB5742	d__Bacteria	p__Firmicutes_C	c__Negativicutes	o__Acidaminococcales	f__Acidaminococcaceae	g__Acidaminococcus
SGB4584	d__Bacteria	p__Firmicutes_A	c__Clostridia	o__Lachnospirales	f__Lachnospiraceae	g__Ruminococcus_B
SGB6744	d__Bacteria	p__Firmicutes	c__Bacilli	o__Erysipelotrichales	f__Coprobacillaceae	g__Erysipelatoclostridium
SGB7264	d__Bacteria	p__Firmicutes_A	c__Clostridia	o__Oscillospirales	f__Ruminococcaceae	g__Neobittarella
SGB9346	d__Bacteria	p__Proteobacteria	c__Alphaproteobacteria	o__RF32	f__CAG-239	g__Scatacola_A
SGB72833	d__Bacteria	p__Firmicutes_A	c__Clostridia	o__Oscillospirales	f__BX7	g__BX7
SGB93119	d__Bacteria	p__Actinobacteriota	c__Actinomycetia	o__Actinomycetales	f__Dermabacteraceae	g__Brachybacterium
SGB88044	d__Bacteria	p__Actinobacteriota	c__Actinomycetia	o__Actinomycetales	f__Brevibacteriaceae	g__Brevibacterium
EUK273371	d__Eukaryota	p__Ascomycota	c__Saccharomycetes	o__Saccharomycetales	f__Debaryomycetaceae	g__Candida
SGB12985	d__Bacteria	p__Proteobacteria	c__Gammaproteobacteria	o__Burkholderiales	f__Burkholderiaceae	g__Paraburkholderia
SGB16294	d__Bacteria	p__Actinobacteriota	c__Actinomycetia	o__Streptomycetales	f__Streptomycetaceae	g__Streptomyces
SGB58519	d__Bacteria	p__Firmicutes_A	c__Clostridia	o__Christensenellales	f__UMGS416	g__Parachristensenella
SGB16675	d__Bacteria	p__Actinobacteriota	c__Actinomycetia	o__Actinomycetales	f__Micrococcaceae	g__Micrococcus
SGB13130	d__Bacteria	p__Proteobacteria	c__Gammaproteobacteria	o__Burkholderiales	f__Burkholderiaceae	g__Bordetella
SGB7897	d__Bacteria	p__Firmicutes	c__Bacilli	o__Lactobacillales	f__Aerococcaceae	g__Aerococcus
SGB12443	d__Bacteria	p__Proteobacteria	c__Gammaproteobacteria	o__Xanthomonadales	f__Xanthomonadaceae	g__Stenotrophomonas
SGB14179	d__Bacteria	p__Firmicutes_A	c__Clostridia	o__Oscillospirales	f__Ruminococcaceae	g__UBA866
SGB35097	d__Bacteria	p__Actinobacteriota	c__Actinomycetia	o__Actinomycetales	f__Micrococcaceae	g__Galactobacter
SGB6939	d__Bacteria	p__Firmicutes_C	c__Negativicutes	o__Veillonellales	f__Veillonellaceae	g__Veillonella
SGB15132	d__Bacteria	p__Firmicutes_A	c__Clostridia	o__Oscillospirales	f__Oscillospiraceae	g__Flavonifractor
SGB4592	d__Bacteria	p__Firmicutes_A	c__Clostridia	o__Lachnospirales	f__Lachnospiraceae	g__Luxibacter
SGB17153	d__Bacteria	p__Actinobacteriota	c__Actinomycetia	o__Actinomycetales	f__Actinomycetaceae	g__Pauljensenia
SGB7173	d__Bacteria	p__Firmicutes	c__Bacilli	o__Lactobacillales	f__Lactobacillaceae	g__Paucilactobacillus
SGB2057	d__Bacteria	p__Bacteroidota	c__Bacteroidia	o__Bacteroidales	f__Porphyromonadaceae	g__Porphyromonas
SGB6038	d__Bacteria	p__Fusobacteriota	c__Fusobacteriia	o__Fusobacteriales	f__Fusobacteriaceae	g__Fusobacterium_A
SGB10130	d__Bacteria	p__Proteobacteria	c__Gammaproteobacteria	o__Enterobacterales	f__Enterobacteriaceae	g__Enterobacter
SGB32992	d__Bacteria	p__Proteobacteria	c__Gammaproteobacteria	o__Xanthomonadales	f__Xanthomonadaceae	g__Luteimonas
SGB13157	d__Bacteria	p__Proteobacteria	c__Gammaproteobacteria	o__Burkholderiales	f__Burkholderiaceae	g__Orrella
SGB10264	d__Bacteria	p__Proteobacteria	c__Gammaproteobacteria	o__Enterobacterales	f__Enterobacteriaceae	g__Gibbsiella
SGB4080	d__Bacteria	p__Firmicutes_A	c__Clostridia	o__Eubacteriales	f__Eubacteriaceae	g__Eubacterium
SGB7202	d__Bacteria	p__Firmicutes	c__Bacilli	o__Lactobacillales	f__Lactobacillaceae	g__Lactiplantibacillus
SGB10119	d__Bacteria	p__Proteobacteria	c__Gammaproteobacteria	o__Enterobacterales	f__Enterobacteriaceae	g__Klebsiella
SGB15131	d__Bacteria	p__Firmicutes_A	c__Clostridia	o__Oscillospirales	f__Oscillospiraceae	g__NSJ-51
SGB99122	d__Bacteria	p__Proteobacteria	c__Gammaproteobacteria	o__Enterobacterales	f__Succinivibrionaceae	g__Anaerobiospirillum
SGB98404	d__Bacteria	p__Actinobacteriota	c__Coriobacteriia	o__Coriobacteriales	f__Coriobacteriaceae	unclassified__f__Coriobacteriaceae
SGB98334	d__Bacteria	p__Synergistota	c__Synergistia	o__Synergistales	f__Dethiosulfovibrionaceae	g__Pyramidobacter
SGB96686	d__Bacteria	p__Firmicutes_A	c__Clostridia	o__Lachnospirales	f__Lachnospiraceae	unclassified__f__Lachnospiraceae
SGB98407	d__Bacteria	p__Actinobacteriota	c__Coriobacteriia	o__Coriobacteriales	f__QAMH01	g__CACZQA01
SGB97932	d__Bacteria	p__Actinobacteriota	c__Coriobacteriia	o__Coriobacteriales	f__Atopobiaceae	unclassified__f__Atopobiaceae
SGB7122	d__Bacteria	p__Firmicutes	c__Bacilli	o__Lactobacillales	f__Lactobacillaceae	g__Leuconostoc
SGB49137	d__Bacteria	p__Firmicutes	c__Bacilli	o__Paenibacillales	f__Paenibacillaceae	g__Paenibacillus
SGB2548	d__Bacteria	p__Bacteroidota	c__Bacteroidia	o__Flavobacteriales	f__Weeksellaceae	g__Epilithonimonas
SGB16955	d__Bacteria	p__Actinobacteriota	c__Actinomycetia	o__Propionibacteriales	f__Propionibacteriaceae	g__Cutibacterium
SGB22508	d__Bacteria	p__Proteobacteria	c__Gammaproteobacteria	o__Burkholderiales	f__Aquaspirillaceae	g__Microvirgula
SGB10084	d__Bacteria	p__Proteobacteria	c__Gammaproteobacteria	o__Enterobacterales	f__Enterobacteriaceae	g__Citrobacter
SGB9333	d__Bacteria	p__Proteobacteria	c__Alphaproteobacteria	o__RF32	f__CAG-239	g__CAG-267
SGB10439	d__Bacteria	p__Proteobacteria	c__Gammaproteobacteria	o__Pseudomonadales	f__Moraxellaceae	g__Moraxella_A
SGB19413	d__Bacteria	p__Campylobacterota	c__Campylobacteria	o__Campylobacterales	f__Arcobacteraceae	g__Aliarcobacter
SGB7973	d__Bacteria	p__Firmicutes	c__Bacilli	o__Lactobacillales	f__Enterococcaceae	g__Enterococcus_G
SGB89571	d__Bacteria	p__Proteobacteria	c__Alphaproteobacteria	o__Rhizobiales	f__Rhizobiaceae	g__Agrobacterium
SGB34138	d__Bacteria	p__Actinobacteriota	c__Actinomycetia	o__Propionibacteriales	f__Nocardioidaceae	g__Nocardioides
SGB88312	d__Bacteria	p__Proteobacteria	c__Gammaproteobacteria	o__Burkholderiales	f__Burkholderiaceae	g__Comamonas
SGB27827	d__Bacteria	p__Bacteroidota	c__Bacteroidia	o__Bacteroidales	f__Dysgonomonadaceae	g__Dysgonomonas
SGB28712	d__Bacteria	p__Firmicutes	c__Bacilli	o__Acholeplasmatales	f__Acholeplasmataceae	g__Acholeplasma
SGB10111	d__Bacteria	p__Proteobacteria	c__Gammaproteobacteria	o__Enterobacterales	f__Enterobacteriaceae	g__Pluralibacter
SGB84908	d__Bacteria	p__Bacteroidota	c__Bacteroidia	o__Flavobacteriales	f__Weeksellaceae	g__Faecalibacter
SGB10079	d__Bacteria	p__Proteobacteria	c__Gammaproteobacteria	o__Enterobacterales	f__Enterobacteriaceae	g__Citrobacter_B
SGB39107	d__Bacteria	p__Firmicutes	c__Bacilli	o__Bacillales_A	f__Planococcaceae	g__Lysinibacillus
EUK482145	d__Eukaryota	p__Ascomycota	c__Eurotiomycetes	o__Eurotiales	f__Aspergillaceae	g__Aspergillus
SGB7926	d__Bacteria	p__Firmicutes	c__Bacilli	o__Lactobacillales	f__Enterococcaceae	g__Tetragenococcus
SGB30212	d__Bacteria	p__Firmicutes	c__Bacilli	o__Bacillales_B	f__DSM-1321	g__Bacillus_AD
SGB11003	d__Bacteria	p__Proteobacteria	c__Alphaproteobacteria	o__Rhizobiales_A	f__Rhizobiaceae_A	g__Ochrobactrum_A
SGB32542	d__Bacteria	p__Proteobacteria	c__Gammaproteobacteria	o__Burkholderiales	f__Burkholderiaceae	g__Aquabacterium
SGB37329	d__Bacteria	p__Firmicutes_A	c__Clostridia	o__Oscillospirales	f__Acutalibacteraceae	g__RUG612
SGB70027	d__Bacteria	p__Bacteroidota	c__Bacteroidia	o__Bacteroidales	f__UBA3663	g__UBA3663
SGB41293	d__Bacteria	p__Firmicutes_A	c__Clostridia	o__Lachnospirales	f__Lachnospiraceae	g__RUG11237
SGB7076	d__Bacteria	p__Firmicutes	c__Bacilli	o__Lactobacillales	f__Lactobacillaceae	g__Ligilactobacillus
SGB13992	d__Bacteria	p__Firmicutes_A	c__Clostridia	o__Christensenellales	f__Borkfalkiaceae	g__UBA11475
SGB20968	d__Bacteria	p__Campylobacterota	c__Campylobacteria	o__Campylobacterales	f__Helicobacteraceae	unclassified__f__Helicobacteraceae
SGB4710	d__Bacteria	p__Firmicutes_A	c__Clostridia	o__Lachnospirales	f__Lachnospiraceae	g__Ventrimonas
SGB13981	d__Bacteria	p__Firmicutes_A	c__Clostridia	o__Christensenellales	f__Borkfalkiaceae	g__Scatosoma
SGB59899	d__Bacteria	p__Firmicutes_A	c__Clostridia	o__Oscillospirales	f__CAG-272	g__Avispirillum
SGB12924	d__Bacteria	p__Proteobacteria	c__Gammaproteobacteria	o__Burkholderiales	f__Burkholderiaceae	g__Ralstonia
SGB56795	d__Bacteria	p__Proteobacteria	c__Alphaproteobacteria	o__Caulobacterales	f__Caulobacteraceae	g__CAISGS01
SGB11334	d__Bacteria	p__Proteobacteria	c__Alphaproteobacteria	o__Rhizobiales	f__Xanthobacteraceae	g__Bradyrhizobium
SGB24644	d__Bacteria	p__Proteobacteria	c__Alphaproteobacteria	o__Sphingomonadales	f__Sphingomonadaceae	g__Sphingomonas
SGB13164	d__Bacteria	p__Proteobacteria	c__Gammaproteobacteria	o__Burkholderiales	f__Burkholderiaceae	g__Lautropia
SGB12585	d__Bacteria	p__Proteobacteria	c__Gammaproteobacteria	o__Burkholderiales	f__Rhodocyclaceae	g__Methyloversatilis
SGB38301	d__Bacteria	p__Proteobacteria	c__Alphaproteobacteria	o__Caulobacterales	f__Caulobacteraceae	g__Brevundimonas
SGB5057	d__Bacteria	p__Firmicutes_A	c__Clostridia	o__Lachnospirales	f__Lachnospiraceae	g__CAG-303
SGB282	d__Archaea	p__Halobacteriota	c__Halobacteria	o__Halobacteriales	f__Haloferacaceae	g__Halorubrum
SGB4888	d__Bacteria	p__Firmicutes_A	c__Clostridia	o__Lachnospirales	f__Lachnospiraceae	g__UMGS2037
SGB11763	d__Bacteria	p__Proteobacteria	c__Alphaproteobacteria	o__Caulobacterales	f__Caulobacteraceae	g__Caulobacter
SGB10198	d__Bacteria	p__Proteobacteria	c__Gammaproteobacteria	o__Enterobacterales	f__Enterobacteriaceae	g__Erwinia
SGB24414	d__Bacteria	p__Proteobacteria	c__Alphaproteobacteria	o__Rhizobiales	f__Phreatobacteraceae	g__Phreatobacter
SGB59576	d__Bacteria	p__Firmicutes_A	c__Clostridia	o__Oscillospirales	f__Oscillospiraceae	g__Alloscillospira
SGB9028	d__Bacteria	p__Nitrospirota	c__Nitrospiria	o__Nitrospirales	f__Nitrospiraceae	g__Palsa-1315
SGB14891	d__Bacteria	p__Firmicutes_A	c__Clostridia	o__Oscillospirales	f__Acutalibacteraceae	g__UMGS1264
SGB14936	d__Bacteria	p__Firmicutes_A	c__Clostridia	o__Oscillospirales	f__Acutalibacteraceae	g__Avimonas
SGB14180	d__Bacteria	p__Firmicutes_A	c__Clostridia	o__Oscillospirales	f__Butyricicoccaceae	g__UMGS1384
SGB59817	d__Bacteria	p__Firmicutes_A	c__Clostridia	o__Lachnospirales	f__Lachnospiraceae	g__Paralachnospira
SGB9730	d__Bacteria	p__Proteobacteria	c__Gammaproteobacteria	o__Enterobacterales	f__Pasteurellaceae	g__Aggregatibacter
SGB19396	d__Bacteria	p__Campylobacterota	c__Campylobacteria	o__Campylobacterales	f__Helicobacteraceae	g__Helicobacter_C
SGB92518	d__Bacteria	p__Proteobacteria	c__Gammaproteobacteria	o__Enterobacterales	f__Enterobacteriaceae	g__Tatumella
SGB31726	d__Bacteria	p__Proteobacteria	c__Alphaproteobacteria	o__Sphingomonadales	f__Sphingomonadaceae	g__Erythrobacter
SGB13136	d__Bacteria	p__Proteobacteria	c__Gammaproteobacteria	o__Burkholderiales	f__Burkholderiaceae	g__Achromobacter
SGB12382	d__Bacteria	p__Proteobacteria	c__Gammaproteobacteria	o__Pseudomonadales	f__Pseudomonadaceae	g__Pseudomonas_A
SGB12894	d__Bacteria	p__Proteobacteria	c__Gammaproteobacteria	o__Burkholderiales	f__Burkholderiaceae	g__Herbaspirillum
SGB94064	d__Bacteria	p__Proteobacteria	c__Alphaproteobacteria	o__Rhizobiales	f__Xanthobacteraceae	g__U87765
SGB81706	d__Bacteria	p__Proteobacteria	c__Gammaproteobacteria	o__Enterobacterales	f__Enterobacteriaceae	g__Symbiopectobacterium
SGB85908	d__Bacteria	p__Proteobacteria	c__Alphaproteobacteria	o__Rhizobiales_A	f__Rhizobiaceae_A	g__Phyllobacterium
SGB8344	d__Bacteria	p__Firmicutes	c__Bacilli	o__Bacillales	f__Anoxybacillaceae	g__Geobacillus
SGB63220	d__Bacteria	p__Firmicutes_A	c__Clostridia	o__Oscillospirales	f__Oscillospiraceae	g__CAJFPI01
SGB63342	d__Bacteria	p__Firmicutes_A	c__Clostridia	o__Oscillospirales	f__Ruminococcaceae	g__Neoruminococcus
SGB15123	d__Bacteria	p__Firmicutes_A	c__Clostridia	o__Oscillospirales	f__Oscillospiraceae	g__HGM12998
SGB7957	d__Bacteria	p__Firmicutes	c__Bacilli	o__Lactobacillales	f__Enterococcaceae	g__Enterococcus_C
SGB12320	d__Bacteria	p__Proteobacteria	c__Gammaproteobacteria	o__Pseudomonadales	f__Pseudomonadaceae	g__Pseudomonas
SGB4447	d__Bacteria	p__Firmicutes_A	c__Clostridia	o__Lachnospirales	f__CAG-274	g__CAG-274
SGB19880	d__Bacteria	p__Patescibacteria	c__Saccharimonadia	o__Saccharimonadales	f__UBA10027	g__SDRW01
SGB11837	d__Bacteria	p__Proteobacteria	c__Gammaproteobacteria	o__Pseudomonadales	f__Halomonadaceae	g__Halomonas
SGB2689	d__Bacteria	p__Bacteroidota	c__Bacteroidia	o__Flavobacteriales	f__Flavobacteriaceae	g__Muricauda
SGB22242	d__Bacteria	p__Proteobacteria	c__Gammaproteobacteria	o__Nitrosococcales	f__Methylophagaceae	g__Methylophaga
SGB89388	d__Bacteria	p__Proteobacteria	c__Alphaproteobacteria	o__Caulobacterales	f__Caulobacteraceae	g__Phenylobacterium
SGB9545	d__Bacteria	p__Proteobacteria	c__Gammaproteobacteria	o__Enterobacterales	f__Alteromonadaceae	g__Idiomarina
SGB20963	d__Bacteria	p__Campylobacterota	c__Campylobacteria	o__Campylobacterales	f__Helicobacteraceae	g__Helicobacter_B
SGB15140	d__Bacteria	p__Firmicutes_A	c__Clostridia	o__Oscillospirales	f__Oscillospiraceae	g__Pseudoflavonifractor
SGB82503	d__Bacteria	p__Firmicutes_A	c__Clostridia	o__Oscillospirales	f__Ruminococcaceae	g__Anaerotruncus
SGB49168	d__Bacteria	p__Firmicutes_B	c__Peptococcia	o__Peptococcales	f__Peptococcaceae	g__QAKL01
SGB43249	d__Bacteria	p__Firmicutes_A	c__Clostridia	o__Oscillospirales	f__Butyricicoccaceae	g__Ventrousia
SGB15278	d__Bacteria	p__Firmicutes_A	c__Clostridia	o__Oscillospirales	f__Ruminococcaceae	g__Fournierella
SGB4675	d__Bacteria	p__Firmicutes_A	c__Clostridia	o__Lachnospirales	f__Lachnospiraceae	g__Frisingicoccus
SGB79833	d__Bacteria	p__Firmicutes_A	c__Clostridia	o__Oscillospirales	f__Oscillospiraceae	g__NSJ-62
SGB14933	d__Bacteria	p__Firmicutes_A	c__Clostridia	o__Oscillospirales	f__Acutalibacteraceae	g__UMGS1623
SGB7263	d__Bacteria	p__Firmicutes_A	c__Clostridia	o__Oscillospirales	f__Ruminococcaceae	g__Bittarella
SGB14974	d__Bacteria	p__Firmicutes_A	c__Clostridia	o__Oscillospirales	f__Butyricicoccaceae	g__Pseudobutyricicoccus
SGB14824_group	d__Bacteria	p__Actinobacteriota	c__Coriobacteriia	o__Coriobacteriales	f__Eggerthellaceae	g__Senegalimassilia
SGB6011	d__Bacteria	p__Fusobacteriota	c__Fusobacteriia	o__Fusobacteriales	f__Fusobacteriaceae	g__Fusobacterium
SGB14842	d__Bacteria	p__Firmicutes_A	c__Clostridia	o__Oscillospirales	f__Acutalibacteraceae	g__Acutalibacter
SGB4046	d__Bacteria	p__Firmicutes	c__Bacilli	o__Erysipelotrichales	f__Erysipelotrichaceae	g__Holdemania
SGB64172	d__Bacteria	p__Firmicutes	c__Bacilli	o__Lactobacillales	f__Aerococcaceae	g__Jeotgalibaca
SGB14839	d__Bacteria	p__Firmicutes_A	c__Clostridia	o__Oscillospirales	f__Ruminococcaceae	g__Hydrogenoanaerobacterium
SGB25051	d__Bacteria	p__Firmicutes	c__Bacilli	o__Lactobacillales	f__Aerococcaceae	g__Facklamia_A
SGB14960	d__Bacteria	p__Firmicutes_A	c__Clostridia	o__Oscillospirales	f__Ruminococcaceae	g__Fimivivens
SGB5200	d__Bacteria	p__Firmicutes_A	c__Clostridia	o__Lachnospirales	f__Lachnospiraceae	g__AF33-28
SGB82637	d__Bacteria	p__Firmicutes	c__Bacilli	o__Lactobacillales	f__Aerococcaceae	g__Fundicoccus
SGB7169	d__Bacteria	p__Firmicutes	c__Bacilli	o__Lactobacillales	f__Lactobacillaceae	g__Pediococcus
SGB14837	d__Bacteria	p__Firmicutes_A	c__Clostridia	o__Oscillospirales	f__Ruminococcaceae	g__Phocea
SGB105802	d__Bacteria	p__Firmicutes_A	c__Clostridia	o__Oscillospirales	f__Oscillospiraceae	g__Pseudoscilispira
SGB21521	d__Bacteria	p__Actinobacteriota	c__Actinomycetia	o__Actinomycetales	f__Bifidobacteriaceae	g__Alloscardovia
SGB3934_group	d__Bacteria	p__Firmicutes_A	c__Clostridia	o__Peptostreptococcales	f__Anaerovoracaceae	g__Eubacterium_B
SGB19882	d__Bacteria	p__Patescibacteria	c__Saccharimonadia	o__Saccharimonadales	f__Saccharimonadaceae	g__Saccharimonas
SGB5852	d__Bacteria	p__Firmicutes_C	c__Negativicutes	o__Veillonellales	f__Megasphaeraceae	g__Caecibacter
SGB4060	d__Bacteria	p__Firmicutes_B	c__Peptococcia	o__Peptococcales	f__Peptococcaceae	g__UBA7185
SGB80175	d__Bacteria	p__Spirochaetota	c__Spirochaetia	o__Sphaerochaetales	f__Sphaerochaetaceae	g__Bullifex
SGB9193	d__Bacteria	p__Verrucomicrobiota	c__Lentisphaeria	o__Victivallales	f__Victivallaceae	g__UMGS1518
SGB20347	d__Bacteria	p__Fibrobacterota	c__Fibrobacteria	o__Fibrobacterales	f__Fibrobacteraceae	g__Hallerella
SGB36726	d__Bacteria	p__Firmicutes_C	c__Negativicutes	o__Selenomonadales	f__Selenomonadaceae	g__Selenomonas_C
SGB709	d__Archaea	p__Methanobacteriota	c__Methanobacteria	o__Methanobacteriales	f__Methanobacteriaceae	g__Methanobrevibacter_B
SGB37409	d__Bacteria	p__Actinobacteriota	c__Coriobacteriia	o__Coriobacteriales	f__RUG844	g__RUG844
SGB41828	d__Bacteria	p__Firmicutes_A	c__Clostridia	o__Lachnospirales	f__Lachnospiraceae	g__UBA3774
SGB41208	d__Bacteria	p__Firmicutes_A	c__Clostridia	o__Peptostreptococcales	f__Anaerovoracaceae	g__RUG13615
SGB42970	d__Bacteria	p__Actinobacteriota	c__Coriobacteriia	o__Coriobacteriales	f__Eggerthellaceae	unclassified__f__Eggerthellaceae
SGB44786	d__Bacteria	p__Firmicutes	c__Bacilli	o__RF39	f__UBA660	g__RUG13160
SGB14958	d__Bacteria	p__Firmicutes_A	c__Clostridia	o__Oscillospirales	f__BX7	g__Galloscillospira_B
SGB38332	d__Bacteria	p__Proteobacteria	c__Gammaproteobacteria	o__Enterobacterales	f__Succinivibrionaceae	g__UBA2810
SGB4053	d__Bacteria	p__Firmicutes_B	c__Peptococcia	o__Peptococcales	f__Peptococcaceae	g__UMGS1590
SGB61014	d__Bacteria	p__Desulfobacterota_I	c__Desulfovibrionia	o__Desulfovibrionales	f__Desulfovibrionaceae	unclassified__f__Desulfovibrionaceae
SGB6152	d__Bacteria	p__Firmicutes_A	c__Clostridia	o__Peptostreptococcales	f__Peptostreptococcaceae	g__GCA-900066495
SGB8769	d__Bacteria	p__Verrucomicrobiota	c__Verrucomicrobiae	o__Opitutales	f__CAG-312	g__Merdousia
SGB20394	d__Bacteria	p__Firmicutes_C	c__Negativicutes	o__Selenomonadales	f__Selenomonadaceae	g__Megamonas
SGB20276	d__Bacteria	p__Proteobacteria	c__Gammaproteobacteria	o__Burkholderiales	f__Burkholderiaceae	g__Sutterella
SGB20544	d__Bacteria	p__Firmicutes_A	c__Clostridia	o__Lachnospirales	f__Lachnospiraceae	g__Enterocloster
SGB21244	d__Bacteria	p__Actinobacteriota	c__Actinomycetia	o__Actinomycetales	f__Micrococcaceae	g__Rothia
SGB15645	d__Bacteria	p__Actinobacteriota	c__Actinomycetia	o__Mycobacteriales	f__Mycobacteriaceae	g__Mycobacterium
SGB20314	d__Bacteria	p__Actinobacteriota	c__Coriobacteriia	o__Coriobacteriales	f__Atopobiaceae	g__Parolsenella
SGB20318	d__Bacteria	p__Actinobacteriota	c__Coriobacteriia	o__Coriobacteriales	f__Coriobacteriaceae	g__Collinsella
SGB94070	d__Bacteria	p__Proteobacteria	c__Alphaproteobacteria	o__Rhizobiales	f__Beijerinckiaceae	g__Methylobacterium
SGB28230	d__Bacteria	p__Bacteroidota	c__Bacteroidia	o__Flavobacteriales	f__Weeksellaceae	g__Bergeyella_A
SGB9428	d__Bacteria	p__Proteobacteria	c__Gammaproteobacteria	o__Burkholderiales	f__Neisseriaceae	g__Neisseria
SGB4617	d__Bacteria	p__Firmicutes_A	c__Clostridia	o__Lachnospirales	f__Lachnospiraceae	g__Sellimonas
SGB10005	d__Bacteria	p__Proteobacteria	c__Gammaproteobacteria	o__Enterobacterales	f__Enterobacteriaceae	g__Providencia
SGB7924	d__Bacteria	p__Firmicutes	c__Bacilli	o__Lactobacillales	f__Enterococcaceae	g__Enterococcus_A
SGB6144	d__Bacteria	p__Firmicutes_A	c__Clostridia	o__Peptostreptococcales	f__Peptostreptococcaceae	g__Paraclostridium
SGB7678	d__Bacteria	p__Firmicutes	c__Bacilli	o__Bacillales	f__Bacillaceae_H	g__Priestia
SGB7697	d__Bacteria	p__Firmicutes	c__Bacilli	o__Bacillales	f__Bacillaceae_G	g__Bacillus_A
SGB87014	d__Bacteria	p__Actinobacteriota	unclassified__p__Actinobacteriota	unclassified__p__Actinobacteriota	unclassified__p__Actinobacteriota	unclassified__p__Actinobacteriota
SGB66461	d__Bacteria	p__Firmicutes	c__Bacilli	o__Bacillales_B	f__DSM-18226	g__Neobacillus
SGB10249	d__Bacteria	p__Proteobacteria	c__Gammaproteobacteria	o__Enterobacterales	f__Enterobacteriaceae	g__Serratia_B
SGB15846	d__Bacteria	p__Actinobacteriota	c__Actinomycetia	o__Mycobacteriales	f__Mycobacteriaceae	g__Tsukamurella
SGB5402	d__Bacteria	p__Bacteroidota	c__Bacteroidia	o__Flavobacteriales	f__Blattabacteriaceae	g__Sulcia
SGB10292	d__Bacteria	p__Proteobacteria	c__Gammaproteobacteria	o__Enterobacterales	f__Enterobacteriaceae	g__Rosenbergiella
SGB12499	d__Bacteria	p__Proteobacteria	c__Gammaproteobacteria	o__Xanthomonadales	f__Xanthomonadaceae	g__Stenotrophomonas_A
SGB12308	d__Bacteria	p__Proteobacteria	c__Gammaproteobacteria	o__Pseudomonadales	f__Pseudomonadaceae	g__Pseudomonas_B
SGB15546	d__Bacteria	p__Actinobacteriota	c__Actinomycetia	o__Mycobacteriales	f__Mycobacteriaceae	g__Segniliparus
SGB32412	d__Bacteria	p__Proteobacteria	c__Gammaproteobacteria	o__Pseudomonadales	f__Halomonadaceae	g__Zymobacter
SGB58550	d__Bacteria	p__Proteobacteria	c__Gammaproteobacteria	o__Enterobacterales	f__Enterobacteriaceae	g__Citrobacter_A
SGB9425	d__Bacteria	p__Proteobacteria	c__Gammaproteobacteria	o__Burkholderiales	f__Neisseriaceae	g__CAJPNX01
SGB15873	d__Bacteria	p__Actinobacteriota	c__Actinomycetia	o__Actinomycetales	f__Actinomycetaceae	g__Actinomyces
SGB7213	d__Bacteria	p__Firmicutes	c__Bacilli	o__Lactobacillales	f__Lactobacillaceae	g__Secundilactobacillus
SGB30940	d__Bacteria	p__Proteobacteria	c__Gammaproteobacteria	o__Enterobacterales	f__Enterobacteriaceae	g__Arsenophonus
SGB748	d__Bacteria	p__Firmicutes_A	c__Clostridia	o__Peptostreptococcales	f__Peptostreptococcaceae	g__Peptostreptococcus
SGB6653	d__Bacteria	p__Firmicutes_A	c__Clostridia	o__Tissierellales	f__Peptoniphilaceae	g__Parvimonas
SGB6627	d__Bacteria	p__Firmicutes_A	c__Clostridia	o__Peptostreptococcales	f__Anaerovoracaceae	g__Hornefia
SGB13005	d__Bacteria	p__Proteobacteria	c__Gammaproteobacteria	o__Burkholderiales	f__Burkholderiaceae	g__Burkholderia
SGB11987	d__Bacteria	p__Proteobacteria	c__Gammaproteobacteria	o__Burkholderiales	f__Burkholderiaceae	g__Alcaligenes
SGB7659	d__Bacteria	p__Firmicutes	c__Bacilli	o__Bacillales_D	f__Amphibacillaceae	g__Oceanobacillus
SGB7481	d__Bacteria	p__Firmicutes	c__Bacilli	o__Bacillales_A	f__Planococcaceae	g__Solibacillus
SGB82504	d__Bacteria	p__Firmicutes_A	c__Clostridia	o__Lachnospirales	f__Lachnospiraceae	g__Velocimicrobium
SGB3056	d__Bacteria	p__Bacteroidota	c__Bacteroidia	o__Flavobacteriales	f__Weeksellaceae	g__Empedobacter
SGB8235_group	d__Bacteria	p__Firmicutes	c__Bacilli	o__Lactobacillales	f__Aerococcaceae	g__Abiotrophia
SGB7132	d__Bacteria	p__Firmicutes	c__Bacilli	o__Lactobacillales	f__Lactobacillaceae	g__Fructobacillus
SGB10000	d__Bacteria	p__Proteobacteria	c__Gammaproteobacteria	o__Enterobacterales	f__Enterobacteriaceae	g__Proteus
SGB10107	d__Bacteria	p__Proteobacteria	c__Gammaproteobacteria	o__Enterobacterales	f__Enterobacteriaceae	g__Kluyvera
SGB22870	d__Bacteria	p__Proteobacteria	c__Gammaproteobacteria	o__Pseudomonadales	f__Pseudomonadaceae	g__Pseudomonas_F
SGB22105	d__Bacteria	p__Acidobacteriota	c__Acidobacteriae	o__Acidoferrales	f__UBA7541	g__Acidoferrum
SGB57468	d__Bacteria	p__Proteobacteria	c__Gammaproteobacteria	o__Burkholderiales	f__Burkholderiaceae	g__Lampropedia
SGB10155	d__Bacteria	p__Proteobacteria	c__Gammaproteobacteria	o__Enterobacterales	f__Enterobacteriaceae	g__Scandinavium
SGB10034	d__Bacteria	p__Proteobacteria	c__Gammaproteobacteria	o__Enterobacterales	f__Enterobacteriaceae	g__Cedecea
SGB21118	d__Bacteria	p__Firmicutes_A	c__Clostridia	o__Christensenellales	f__Borkfalkiaceae	g__UBA4675
SGB14386	d__Bacteria	p__Actinobacteriota	c__Coriobacteriia	o__Coriobacteriales	f__Atopobiaceae	g__Olsenella
SGB15810	d__Bacteria	p__Actinobacteriota	c__Actinomycetia	o__Mycobacteriales	f__Mycobacteriaceae	g__Rhodococcus_B
SGB56707	d__Bacteria	p__Proteobacteria	c__Alphaproteobacteria	o__Rhodobacterales	f__Rhodobacteraceae	g__Falsirhodobacter
SGB74335	d__Bacteria	p__Firmicutes_A	c__Clostridia	o__Lachnospirales	f__Lachnospiraceae	g__Extibacter
SGB7283	d__Bacteria	p__Firmicutes	c__Bacilli	o__Staphylococcales	f__Gemellaceae	g__Gemella
SGB6148	d__Bacteria	p__Firmicutes_A	c__Clostridia	o__Peptostreptococcales	f__Peptostreptococcaceae	g__Romboutsia
SGB15892	d__Bacteria	p__Actinobacteriota	c__Actinomycetia	o__Actinomycetales	f__Actinomycetaceae	g__Peptidiphaga
SGB87460	d__Bacteria	p__Actinobacteriota	c__Actinomycetia	o__Mycobacteriales	f__Pseudonocardiaceae	g__Actinomycetospora
SGB29346	d__Bacteria	p__Firmicutes_A	c__Clostridia	o__Oscillospirales	f__Ruminococcaceae	g__Marseille-P2935
SGB15896	d__Bacteria	p__Actinobacteriota	c__Actinomycetia	o__Propionibacteriales	f__Propionibacteriaceae	g__Arachnia
SGB15918	d__Bacteria	p__Actinobacteriota	c__Actinomycetia	o__Propionibacteriales	f__Propionibacteriaceae	g__Friedmanniella
SGB7548	d__Bacteria	p__Firmicutes	c__Bacilli	o__Bacillales_B	f__DSM-1321	g__Bacillus_AI
SGB8249	d__Bacteria	p__Firmicutes	c__Bacilli	o__Lactobacillales	f__Aerococcaceae	g__Granulicatella
SGB19827_group	d__Bacteria	p__Patescibacteria	c__Saccharimonadia	o__Saccharimonadales	f__Nanogingivalaceae	g__Nanogingivalis
SGB66463	d__Bacteria	p__Firmicutes	c__Bacilli	o__Bacillales_B	f__DSM-18226	g__URHB0009
SGB2118	d__Bacteria	p__Bacteroidota	c__Bacteroidia	o__Bacteroidales	f__Muribaculaceae	g__Duncaniella
SGB2120	d__Bacteria	p__Bacteroidota	c__Bacteroidia	o__Bacteroidales	f__Muribaculaceae	g__HGM05190
SGB2122	d__Bacteria	p__Bacteroidota	c__Bacteroidia	o__Bacteroidales	f__Muribaculaceae	g__CAG-1031
SGB4116	d__Bacteria	p__Firmicutes_A	c__Clostridia	o__Eubacteriales	f__Anaerofustaceae	g__Anaerofustis
SGB15048	d__Bacteria	p__Firmicutes_A	c__Clostridia	o__Oscillospirales	f__Oscillospiraceae	g__Pelethomonas
SGB2085	d__Bacteria	p__Bacteroidota	c__Bacteroidia	o__Bacteroidales	f__Muribaculaceae	g__Muribaculum
SGB65042	d__Bacteria	p__Firmicutes_A	c__Clostridia	o__TANB77	f__CAG-508	unclassified__f__CAG-508
SGB79822	d__Bacteria	p__Firmicutes_A	c__Clostridia	o__Oscillospirales	f__Ruminococcaceae	g__Pygmaiobacter
SGB9369	d__Bacteria	p__Proteobacteria	c__Gammaproteobacteria	o__Diplorickettsiales	f__Diplorickettsiaceae	g__Aquirickettsiella
SGB6126	d__Bacteria	p__Firmicutes_A	c__Clostridia	o__Clostridiales	f__Clostridiaceae	g__Clostridium_AN
SGB2093	d__Bacteria	p__Bacteroidota	c__Bacteroidia	o__Bacteroidales	f__Muribaculaceae	g__Paramuribaculum
SGB41058	d__Bacteria	p__Firmicutes_A	c__Clostridia	o__Christensenellales	f__HGM11417	g__CAJMQN01
SGB12335	d__Bacteria	p__Proteobacteria	c__Gammaproteobacteria	o__Pseudomonadales	f__Pseudomonadaceae	g__Pseudomonas_H
SGB20978	d__Bacteria	p__Firmicutes	c__Bacilli	o__RFN20	f__CAG-288	g__Enterosoma
SGB20188	d__Bacteria	p__Bacteroidota	c__Bacteroidia	o__Bacteroidales	f__Muribaculaceae	g__CAG-873
SGB21191	d__Bacteria	p__Firmicutes	c__Bacilli	o__RFN20	f__CAG-288	g__Scatoplasma
SGB7961	d__Bacteria	p__Firmicutes	c__Bacilli	o__Lactobacillales	f__Enterococcaceae	g__Enterococcus_E
SGB31404	d__Bacteria	p__Proteobacteria	c__Alphaproteobacteria	o__Rhodobacterales	f__Rhodobacteraceae	g__Wagnerdoeblera
SGB81679	d__Bacteria	p__Proteobacteria	c__Gammaproteobacteria	o__Enterobacterales	f__Pasteurellaceae	g__Basfia_A
SGB9750	d__Bacteria	p__Proteobacteria	c__Gammaproteobacteria	o__Enterobacterales	f__Pasteurellaceae	g__Actinobacillus
SGB37127	d__Bacteria	p__Firmicutes_A	c__Clostridia	o__Lachnospirales	f__Lachnospiraceae	g__Clostridium_R
SGB28255	d__Bacteria	p__Bacteroidota	c__Bacteroidia	o__Sphingobacteriales	f__Sphingobacteriaceae	g__Olivibacter
SGB31449	d__Bacteria	p__Proteobacteria	c__Alphaproteobacteria	o__Rhodobacterales	f__Rhodobacteraceae	g__Paenirhodobacter
SGB91921	d__Bacteria	p__Bacteroidota	c__Bacteroidia	o__Sphingobacteriales	f__Sphingobacteriaceae	g__Sphingobacterium
SGB31286	d__Bacteria	p__Proteobacteria	c__Gammaproteobacteria	o__Enterobacterales	f__Enterobacteriaceae	g__Rahnella
SGB4955	d__Bacteria	p__Firmicutes_A	c__Clostridia	o__Lachnospirales	f__Lachnospiraceae	g__14-2
SGB93612	d__Bacteria	p__Proteobacteria	c__Gammaproteobacteria	o__Pseudomonadales	f__Pseudomonadaceae	g__Pseudomonas_E
SGB3002	d__Bacteria	p__Bacteroidota	c__Bacteroidia	o__Flavobacteriales	f__Flavobacteriaceae	g__Flavobacterium
SGB65115	d__Bacteria	p__Firmicutes_A	c__Clostridia	o__Peptostreptococcales	f__Peptostreptococcaceae	g__Terrisporobacter
SGB7785	d__Bacteria	p__Firmicutes	c__Bacilli	o__Bacillales	f__Bacillaceae	g__Bacillus
SGB78643	d__Bacteria	p__Bacteroidota	c__Bacteroidia	o__Sphingobacteriales	f__Sphingobacteriaceae	g__Pedobacter
SGB19407	d__Bacteria	p__Campylobacterota	c__Campylobacteria	o__Campylobacterales	f__Helicobacteraceae	g__Helicobacter_A
SGB10220	d__Bacteria	p__Proteobacteria	c__Gammaproteobacteria	o__Enterobacterales	f__Enterobacteriaceae	g__Yersinia
SGB88585	d__Bacteria	p__Proteobacteria	c__Gammaproteobacteria	o__Burkholderiales	f__Burkholderiaceae	g__Janthinobacterium
SGB7902	d__Bacteria	p__Firmicutes	c__Bacilli	o__Lactobacillales	f__Carnobacteriaceae	g__Carnobacterium
SGB2616	d__Bacteria	p__Bacteroidota	c__Bacteroidia	o__Flavobacteriales	f__Weeksellaceae	g__Chryseobacterium
SGB10235	d__Bacteria	p__Proteobacteria	c__Gammaproteobacteria	o__Enterobacterales	f__Enterobacteriaceae	g__Rouxiella
SGB30221	d__Bacteria	p__Firmicutes	c__Bacilli	o__Bacillales_B	f__DSM-1321	g__Peribacillus
SGB12952	d__Bacteria	p__Proteobacteria	c__Gammaproteobacteria	o__Burkholderiales	f__Burkholderiaceae	g__Caballeronia
SGB10145	d__Bacteria	p__Proteobacteria	c__Gammaproteobacteria	o__Enterobacterales	f__Enterobacteriaceae	g__Lelliottia
SGB88356	d__Bacteria	p__Proteobacteria	c__Gammaproteobacteria	o__Burkholderiales	f__Burkholderiaceae	g__Variovorax
SGB34977	d__Bacteria	p__Actinobacteriota	c__Actinomycetia	o__Actinomycetales	f__Microbacteriaceae	g__Frondihabitans
SGB7349	d__Bacteria	p__Firmicutes	c__Bacilli	o__Paenibacillales	f__Paenibacillaceae	g__Paenibacillus_C
SGB88615	d__Bacteria	p__Proteobacteria	c__Gammaproteobacteria	o__Burkholderiales	f__Burkholderiaceae	g__Duganella
SGB12776	d__Bacteria	p__Proteobacteria	c__Gammaproteobacteria	o__Burkholderiales	f__Burkholderiaceae	g__Rhodoferax_B
SGB89464	d__Bacteria	p__Proteobacteria	c__Alphaproteobacteria	o__Rhizobiales	f__Devosiaceae	g__Devosia
SGB11533	d__Bacteria	p__Proteobacteria	c__Alphaproteobacteria	o__Sphingomonadales	f__Sphingomonadaceae	g__Novosphingobium
SGB10022	d__Bacteria	p__Proteobacteria	c__Gammaproteobacteria	o__Enterobacterales	f__Enterobacteriaceae	g__Budvicia
SGB55636	d__Bacteria	p__Actinobacteriota	c__Actinomycetia	o__Mycobacteriales	f__Mycobacteriaceae	g__Rhodococcus
SGB7334	d__Bacteria	p__Firmicutes	c__Bacilli	o__Paenibacillales	f__NBRC-103111	g__Paenibacillus_S
SGB88365	d__Bacteria	p__Proteobacteria	c__Gammaproteobacteria	o__Burkholderiales	f__Burkholderiaceae	g__Xylophilus
SGB10209	d__Bacteria	p__Proteobacteria	c__Gammaproteobacteria	o__Enterobacterales	f__Enterobacteriaceae	g__Hafnia
SGB10260	d__Bacteria	p__Proteobacteria	c__Gammaproteobacteria	o__Enterobacterales	f__Enterobacteriaceae	g__Serratia_A
SGB108139	d__Bacteria	p__Proteobacteria	c__Gammaproteobacteria	o__Burkholderiales	f__Burkholderiaceae	g__Massilia
SGB29863	d__Bacteria	p__Firmicutes	c__Bacilli	o__Lactobacillales	f__Vagococcaceae	g__Vagococcus_D
SGB7517	d__Bacteria	p__Firmicutes	c__Bacilli	o__Lactobacillales	f__Listeriaceae	g__Brochothrix
SGB81726	d__Bacteria	p__Proteobacteria	c__Gammaproteobacteria	o__Enterobacterales	f__Enterobacteriaceae	g__Buttiauxella
SGB7987	d__Bacteria	p__Firmicutes	c__Bacilli	o__Lactobacillales	f__Streptococcaceae	g__Lactococcus_A
SGB77376	d__Bacteria	p__Firmicutes	c__Bacilli	o__Erysipelotrichales	f__Erysipelotrichaceae	g__Erysipelothrix
SGB3057	d__Bacteria	p__Bacteroidota	c__Bacteroidia	o__Flavobacteriales	f__Weeksellaceae	g__Algoriella
SGB11210	d__Bacteria	p__Proteobacteria	c__Alphaproteobacteria	o__Rhizobiales	f__Rhizobiaceae	g__Pararhizobium
SGB34848	d__Bacteria	p__Actinobacteriota	c__Actinomycetia	o__Actinomycetales	f__Microbacteriaceae	g__Leucobacter
SGB23764	d__Bacteria	p__Actinobacteriota	c__Actinomycetia	o__Actinomycetales	f__Micrococcaceae	g__Specibacter
SGB16794	d__Bacteria	p__Actinobacteriota	c__Actinomycetia	o__Actinomycetales	f__Microbacteriaceae	g__Plantibacter
SGB17566	d__Bacteria	p__Deinococcota	c__Deinococci	o__Deinococcales	f__Thermaceae	g__Thermus
SGB55198	d__Bacteria	p__Gemmatimonadota	c__Gemmatimonadetes	o__Longimicrobiales	f__RSA9	g__RSA9
SGB16416	d__Bacteria	p__Actinobacteriota	c__Actinomycetia	o__Streptosporangiales	f__Streptosporangiaceae	g__Thermobispora
SGB88930	d__Bacteria	p__Proteobacteria	c__Gammaproteobacteria	o__Xanthomonadales	f__Xanthomonadaceae	g__Pseudoxanthomonas
SGB16392	d__Bacteria	p__Actinobacteriota	c__Actinomycetia	o__Streptosporangiales	f__Streptosporangiaceae	g__Thermobifida
SGB87292	d__Bacteria	p__Actinobacteriota	c__Actinomycetia	o__Streptosporangiales	f__Streptosporangiaceae	g__Thermopolyspora
SGB24193	d__Bacteria	p__Proteobacteria	c__Alphaproteobacteria	o__Rhizobiales	f__Hyphomicrobiaceae	g__ZC4RG25
SGB31048	d__Bacteria	p__Proteobacteria	c__Gammaproteobacteria	o__Enterobacterales	f__Aeromonadaceae	g__Aeromonas
SGB16909	d__Bacteria	p__Actinobacteriota	c__Actinomycetia	o__Actinomycetales	f__Microbacteriaceae	g__Microbacterium
SGB16407	d__Bacteria	p__Actinobacteriota	c__Actinomycetia	o__Streptosporangiales	f__Streptosporangiaceae	g__Thermomonospora
SGB82354	d__Bacteria	p__Firmicutes	c__Bacilli	o__Paenibacillales	f__Paenibacillaceae	g__ZCTH02-B3
SGB89760	d__Bacteria	p__Proteobacteria	c__Alphaproteobacteria	o__Rhizobiales	f__Beijerinckiaceae	g__Chelatococcus_A
SGB88148	d__Bacteria	p__Proteobacteria	c__Gammaproteobacteria	o__Steroidobacterales	f__Steroidobacteraceae	g__ZC4RG24
SGB81376	d__Bacteria	p__Proteobacteria	c__Gammaproteobacteria	o__Pseudomonadales	f__Cellvibrionaceae	g__UBA5868
SGB17459	d__Bacteria	p__Chloroflexota	c__Chloroflexia	o__Thermomicrobiales	f__Thermomicrobiaceae	g__Sphaerobacter
SGB88681	d__Bacteria	p__Proteobacteria	c__Gammaproteobacteria	o__Burkholderiales	f__Burkholderiaceae	unclassified__f__Burkholderiaceae
SGB32017	d__Bacteria	p__Proteobacteria	c__Alphaproteobacteria	o__Rhizobiales	f__Rhizobiaceae	g__Aquamicrobium_A
SGB6994	d__Bacteria	p__Firmicutes_E	c__Symbiobacteriia	o__Symbiobacteriales	f__Symbiobacteriaceae	g__Symbiobacterium
SGB22430	d__Bacteria	p__Proteobacteria	c__Gammaproteobacteria	o__Burkholderiales	f__Burkholderiaceae	g__Schlegelella
SGB15508	d__Bacteria	p__Bacteroidota	c__Rhodothermia	o__Rhodothermales	f__Rhodothermaceae	g__Rhodothermus
SGB7904	d__Bacteria	p__Firmicutes	c__Bacilli	o__Lactobacillales	f__Carnobacteriaceae	g__Isobaculum
SGB28370	d__Bacteria	p__Bacteroidota	c__Bacteroidia	o__Cytophagales	f__Hymenobacteraceae	g__Hymenobacter
SGB21351	d__Bacteria	p__Chloroflexota	c__Anaerolineae	o__Aggregatilineales	f__A4b	g__ZC4RG36
SGB78859	d__Bacteria	p__Bacteroidota	c__Bacteroidia	o__Flavobacteriales	f__Weeksellaceae	g__Kaistella
SGB10464	d__Bacteria	p__Proteobacteria	c__Gammaproteobacteria	o__Pseudomonadales	f__Moraxellaceae	g__Psychrobacter
SGB108191	d__Bacteria	p__Proteobacteria	c__Gammaproteobacteria	o__Burkholderiales	f__Burkholderiaceae	g__CAIMXF01
SGB87984	d__Bacteria	p__Actinobacteriota	c__Actinomycetia	o__Actinomycetales	f__Micrococcaceae	g__Neomicrococcus
SGB33003	d__Bacteria	p__Proteobacteria	c__Gammaproteobacteria	o__Xanthomonadales	f__Rhodanobacteraceae	g__Luteibacter
SGB30608	d__Bacteria	p__Proteobacteria	c__Gammaproteobacteria	o__Burkholderiales	f__Methylophilaceae	g__Methylotenera_A
SGB89580	d__Bacteria	p__Proteobacteria	c__Alphaproteobacteria	o__Rhizobiales	f__Rhizobiaceae	g__Neorhizobium
SGB22898	d__Bacteria	p__Proteobacteria	c__Gammaproteobacteria	o__Burkholderiales	f__Burkholderiaceae	g__Herminiimonas
SGB10147	d__Bacteria	p__Proteobacteria	c__Gammaproteobacteria	o__Enterobacterales	f__Enterobacteriaceae	g__Leclercia
SGB78694	d__Bacteria	p__Bacteroidota	c__Bacteroidia	o__Sphingobacteriales	f__Sphingobacteriaceae	g__Mucilaginibacter
SGB28303	d__Bacteria	p__Bacteroidota	c__Bacteroidia	o__Sphingobacteriales	f__Sphingobacteriaceae	g__Arcticibacter
SGB33023	d__Bacteria	p__Proteobacteria	c__Gammaproteobacteria	o__Xanthomonadales	f__Rhodanobacteraceae	g__Tahibacter
SGB107507	d__Bacteria	p__Myxococcota	c__Polyangia	o__Polyangiales	f__Polyangiaceae	g__Byssovorax
SGB89667	d__Bacteria	p__Proteobacteria	c__Alphaproteobacteria	o__Rhizobiales	f__Xanthobacteraceae	g__Tardiphaga
SGB34238	d__Bacteria	p__Actinobacteriota	c__Actinomycetia	o__Actinomycetales	f__Cellulomonadaceae	g__Cellulomonas
SGB34241	d__Bacteria	p__Actinobacteriota	c__Actinomycetia	o__Actinomycetales	f__Cellulomonadaceae	g__Sanguibacter
SGB81703	d__Bacteria	p__Proteobacteria	c__Gammaproteobacteria	o__Enterobacterales	f__Enterobacteriaceae	g__Acerihabitans
SGB27732	d__Bacteria	p__Bacteroidota	c__Bacteroidia	o__Cytophagales	f__Spirosomaceae	g__Dyadobacter
SGB11420	d__Bacteria	p__Proteobacteria	c__Alphaproteobacteria	o__Rhizobiales	f__Beijerinckiaceae	g__Bosea
SGB109007	d__Bacteria	p__Proteobacteria	c__Gammaproteobacteria	o__Burkholderiales	f__Burkholderiaceae	g__Acidovorax
SGB3714	d__Bacteria	p__Proteobacteria	c__Gammaproteobacteria	o__Burkholderiales	f__Methylophilaceae	g__Methylotenera
SGB16774	d__Bacteria	p__Actinobacteriota	c__Actinomycetia	o__Actinomycetales	f__Microbacteriaceae	g__Agreia
SGB11718	d__Bacteria	p__Proteobacteria	c__Alphaproteobacteria	o__Caulobacterales	f__Caulobacteraceae	g__Asticcacaulis
SGB87865	d__Bacteria	p__Actinobacteriota	c__Actinomycetia	o__Actinomycetales	f__Microbacteriaceae	g__Conyzicola
SGB31747	d__Bacteria	p__Proteobacteria	c__Alphaproteobacteria	o__Sphingomonadales	f__Sphingomonadaceae	g__UBA1936
SGB2534	d__Bacteria	p__Bacteroidota	c__Bacteroidia	o__Flavobacteriales	f__Weeksellaceae	g__Cloacibacterium
SGB11614	d__Bacteria	p__Proteobacteria	c__Alphaproteobacteria	o__Sphingomonadales	f__Sphingomonadaceae	g__Sphingobium
SGB89246	d__Bacteria	p__Proteobacteria	c__Alphaproteobacteria	o__Acetobacterales	f__Acetobacteraceae	g__Acidisoma
SGB39228	d__Bacteria	p__Firmicutes	c__Bacilli	o__RF39	f__UBA660	g__UBA2730
SGB88614	d__Bacteria	p__Proteobacteria	c__Gammaproteobacteria	o__Burkholderiales	f__Burkholderiaceae	g__Rugamonas
SGB30573	d__Bacteria	p__Proteobacteria	c__Gammaproteobacteria	o__Diplorickettsiales	f__Diplorickettsiaceae	g__Rickettsiella_B
SGB89659	d__Bacteria	p__Proteobacteria	c__Alphaproteobacteria	o__Rhizobiales	f__Beijerinckiaceae	g__RH-AL1
SGB56546	d__Bacteria	p__Proteobacteria	c__Alphaproteobacteria	o__Acetobacterales	f__Acetobacteraceae	g__Lichenicoccus
SGB77413	d__Bacteria	p__Firmicutes_A	c__Clostridia	o__Clostridiales	f__Clostridiaceae	g__Inconstantimicrobium
SGB77332	d__Bacteria	p__Firmicutes	c__Bacilli	o__Acholeplasmatales	f__Anaeroplasmataceae	g__Anaeroplasma
SGB43811	d__Bacteria	p__Proteobacteria	c__Alphaproteobacteria	o__RF32	f__CAG-239	g__CAJLXD01
SGB102356	d__Bacteria	p__Proteobacteria	c__Alphaproteobacteria	o__RF32	f__CAG-239	g__JAGAJR01
SGB4697	d__Bacteria	p__Firmicutes_A	c__Clostridia	o__Lachnospirales	f__Lachnospiraceae	g__CAG-56
SGB90146	d__Bacteria	p__Proteobacteria	c__Alphaproteobacteria	o__Sphingomonadales	f__Sphingomonadaceae	g__Sphingopyxis
SGB36416	d__Bacteria	p__Chloroflexota	c__Anaerolineae	o__Aggregatilineales	f__UBA3940	g__UBA3940
SGB4587	d__Bacteria	p__Firmicutes_A	c__Clostridia	o__Lachnospirales	f__Lachnospiraceae	g__Faecalimonas
SGB32662	d__Bacteria	p__Proteobacteria	c__Gammaproteobacteria	o__Burkholderiales	f__Burkholderiaceae	g__Pusillimonas_B
SGB4741	d__Bacteria	p__Firmicutes_A	c__Clostridia	o__Lachnospirales	f__Lachnospiraceae	g__Hungatella
SGB78226	d__Bacteria	p__Bacteroidota	c__Bacteroidia	o__Chitinophagales	f__Chitinophagaceae	g__Arachidicoccus
SGB79925	d__Bacteria	p__Firmicutes_A	c__Clostridia	o__Oscillospirales	f__QAMX01	g__RUG11797
SGB17122	d__Bacteria	p__Actinobacteriota	c__Actinomycetia	o__Mycobacteriales	f__Mycobacteriaceae	g__Corynebacterium
SGB4531	d__Bacteria	p__Firmicutes_A	c__Clostridia	o__Peptostreptococcales	f__Anaerovoracaceae	g__BX12
SGB21953	d__Bacteria	p__Campylobacterota	c__Campylobacteria	o__Campylobacterales	f__Helicobacteraceae	g__NHYM01
SGB28982	d__Bacteria	p__Firmicutes_A	c__Clostridia	o__Peptostreptococcales	f__Anaerovoracaceae	g__Bacilliculturomica
SGB9345	d__Bacteria	p__Proteobacteria	c__Alphaproteobacteria	o__RF32	f__CAG-239	g__HGM16780
SGB4031	d__Bacteria	p__Firmicutes	c__Bacilli	o__Erysipelotrichales	f__Erysipelotrichaceae	g__Dielma
SGB74488	d__Bacteria	p__Actinobacteriota	c__Coriobacteriia	o__Coriobacteriales	f__Eggerthellaceae	g__Eggerthella
SGB6136	d__Bacteria	p__Firmicutes_A	c__Clostridia	o__Peptostreptococcales	f__Peptostreptococcaceae	g__Clostridioides
SGB1840	d__Bacteria	p__Bacteroidota	c__Bacteroidia	o__Bacteroidales	f__Bacteroidaceae	g__OM05-12
SGB29304	d__Bacteria	p__Firmicutes_A	c__Clostridia	o__Oscillospirales	f__Butyricicoccaceae	g__Intestinibacillus
SGB4743	d__Bacteria	p__Firmicutes_A	c__Clostridia	o__Lachnospirales	f__Lachnospiraceae	g__CHH4-2
SGB23239	d__Bacteria	p__Proteobacteria	c__Gammaproteobacteria	o__Enterobacterales	f__Enterobacteriaceae	g__Pseudocitrobacter
SGB4873	d__Bacteria	p__Firmicutes_A	c__Clostridia	o__Lachnospirales	f__Lachnospiraceae	g__UMGS1375
SGB43785	d__Bacteria	p__Proteobacteria	c__Alphaproteobacteria	o__Rs-D84	f__Rs-D84	g__Enterousia
SGB14049	d__Bacteria	p__Firmicutes_A	c__Clostridia	o__Christensenellales	f__CAG-552	g__Protoclostridium
SGB39168	d__Bacteria	p__Cyanobacteria	c__Vampirovibrionia	o__Gastranaerophilales	f__Gastranaerophilaceae	g__UBA2813
SGB48227	d__Bacteria	p__Bacteroidota	c__Bacteroidia	o__Bacteroidales	f__Muribaculaceae	g__Amulumruptor
SGB14235	d__Bacteria	p__Firmicutes_A	c__Clostridia	o__Oscillospirales	f__CAG-272	g__UMGS731
SGB45239	d__Bacteria	p__Firmicutes_A	c__Clostridia	o__Clostridiales	f__Clostridiaceae	g__Clostridium
SGB8624	d__Bacteria	p__Cyanobacteria	c__Vampirovibrionia	o__Gastranaerophilales	f__Gastranaerophilaceae	g__Scatenecus
SGB14350	d__Bacteria	p__Actinobacteriota	c__Coriobacteriia	o__Coriobacteriales	f__Atopobiaceae	g__UBA7748
SGB27377	d__Bacteria	p__Fusobacteriota	c__Fusobacteriia	o__Fusobacteriales	f__Fusobacteriaceae	g__Cetobacterium_A
SGB4041	d__Bacteria	p__Firmicutes	c__Bacilli	o__Erysipelotrichales	f__Erysipelotrichaceae	g__Longicatena
SGB17275	d__Bacteria	p__Actinobacteriota	c__Actinomycetia	o__Actinomycetales	f__Bifidobacteriaceae	g__Pseudoscardovia
SGB9258	d__Bacteria	p__Proteobacteria	c__Gammaproteobacteria	o__Burkholderiales	f__Burkholderiaceae	g__Turicimonas
SGB54294	d__Bacteria	p__Actinobacteriota	c__Coriobacteriia	o__Coriobacteriales	f__Atopobiaceae	g__Olsenella_H
SGB1964	d__Bacteria	p__Bacteroidota	c__Bacteroidia	o__Bacteroidales	f__Barnesiellaceae	g__UMGS27
SGB6769	d__Bacteria	p__Firmicutes	c__Bacilli	o__Erysipelotrichales	f__Coprobacillaceae	g__Longibaculum
SGB82499	d__Bacteria	p__Firmicutes_A	c__Clostridia	o__Lachnospirales	f__Lachnospiraceae	g__GCA-900066755
SGB29342	d__Bacteria	p__Firmicutes_A	c__Clostridia	o__Christensenellales	f__CAG-74	g__Onthenecus
SGB92835	d__Bacteria	p__Proteobacteria	c__Alphaproteobacteria	o__RF32	f__CAG-239	g__MGBC118957
SGB14027	d__Bacteria	p__Firmicutes_A	c__Clostridia	o__Christensenellales	f__Borkfalkiaceae	g__Borkfalkia
SGB7142	d__Bacteria	p__Firmicutes	c__Bacilli	o__Lactobacillales	f__Lactobacillaceae	g__Lacticaseibacillus
SGB8599	d__Bacteria	p__Cyanobacteria	c__Vampirovibrionia	o__Gastranaerophilales	f__Gastranaerophilaceae	g__Limenecus
SGB8597	d__Bacteria	p__Cyanobacteria	c__Vampirovibrionia	o__Gastranaerophilales	f__Gastranaerophilaceae	g__Spyradomonas
SGB2329	d__Bacteria	p__Bacteroidota	c__Bacteroidia	o__Bacteroidales	f__Rikenellaceae	g__DSM-108975
SGB41706	d__Bacteria	p__Firmicutes_A	c__Clostridia	o__Lachnospirales	f__Lachnospiraceae	g__SIG307
SGB87799	d__Bacteria	p__Actinobacteriota	c__Actinomycetia	o__Actinomycetales	f__Microbacteriaceae	g__Yonghaparkia
